Name,AnnualRevenue,Avg_NPS_Score__c,Account_Health_Score__c,License_Utilization__c,PostSales_Assessment_Score__c,Account_Exec__r.External_ID__c,External_ID__c,Strategic__c,Red_Account__c,Region__c,Industry,AOV_Band__c,Support_Priority__c
Deckow-Hintz,1225507,-80.18,20.5,78.64,0.39,4b840e76-ded7-4867-8468-488fb1bcdb37,2ce3cf25-c6be-41a9-9c74-af4d29148cac,FALSE,FALSE,AMER,Financial Services,$1-$1k,Basic
Kuhlman-Hills,11817.6,-99.4,15.47,12.99,0.57,108767c6-04f6-4eb0-97de-172825ba3900,22f9d3f6-b48c-47e1-8814-6b2471cb9e87,FALSE,FALSE,AMER,Education,$1-$1k,Basic
"Muller, Schmitt and Mueller",79242.46,-71.32,98.28,38.32,0.13,7ddfdf70-10b4-4026-8705-066cb1c9ea9f,e1a63e1f-62b2-4374-b72b-b5d6b4ad345e,FALSE,FALSE,AMER,Financial Services,$1-$1k,Basic
Koch LLC,967817.75,57.65,64.37,18.45,0.59,3e7298c3-1439-473c-bb12-62b6d411bfdc,a6950f4c-2a02-4284-89f3-31a66e559bc9,FALSE,TRUE,AMER,Public Sector,$1-$1k,Basic
"Watsica, Walsh and Brown",1424923.4,-74.54,86.61,31.33,0.71,6e66a9bb-d61e-4396-aa58-b480001ee3e7,4c5f549b-024e-4084-8464-42cc76d93d51,FALSE,FALSE,AMER,Financial Services,$1-$1k,Basic
"Klein, Hane and Willms",287696.07,-18.51,96.28,67.97,0.48,7fa913bc-c3aa-48b6-a5a9-cb940a98c93d,4a4af522-4a76-4520-bb5e-8efbf697481b,FALSE,FALSE,APAC,High Tech,$1k-$10k,Basic
Deckow LLC,628608.53,-15.88,1.42,20.57,0.99,99d34644-c9ad-4931-8ab7-77d3fbc3f20f,cc6ec368-e5e4-4b9d-9927-0e072b9b40cd,FALSE,FALSE,EMEA,High Tech,$1-$1k,Basic
Watsica-Stroman,1189799.11,92.65,5.47,8.61,0.85,9552287d-d048-48d9-a4be-d46f6c6e1450,a7ad8b4c-cafe-42b9-aad3-b2cbbdc0c366,FALSE,FALSE,AMER,Education,$1k-$10k,Basic
"Jacobi, Keebler and Ernser",685342.73,-41.35,0.68,14.77,0.16,060359e3-93d3-4f9f-98c5-fa204d2c1501,78722005-f34a-4553-b01d-4e15906222e9,FALSE,FALSE,EMEA,Financial Services,$1-$1k,Basic
Berge-Morissette,439279.29,93.6,55.84,96.14,0.21,0cc81865-cc30-4b25-bb67-10cac4e78e48,b0a11093-d566-49fd-8866-1e3952536edc,FALSE,FALSE,AMER,Education,$1-$1k,Basic
"Schaden, Steuber and Keeling",270596.42,-84.45,9.22,31.88,0.06,173c4a99-a15c-47c6-a7bf-8feb2818fb0c,361a97d3-a20f-4931-b8ac-fce2b42910d5,FALSE,FALSE,AMER,Financial Services,$1-$1k,Basic
Hane Group,292330.11,39.26,52.46,3.51,0.33,7efa9e84-9011-4762-9984-d2b5e7de32ff,9c5a43ff-2b47-44ec-84e9-65d3f6fb44e1,FALSE,FALSE,AMER,High Tech,$1-$1k,Basic
Welch Group,718800.45,8.41,74.21,32.2,0.26,4d9fd110-29be-4e2c-b44f-6e357d790472,cc08a690-e68c-4bef-a2ed-ce804bd291dd,FALSE,FALSE,EMEA,Education,$1-$1k,Basic
Crona-Daniel,1396217.57,-74.79,49.8,36.11,0.01,84446bc3-f289-4e3e-9460-6d8770045472,7e8e38c9-6764-4a67-b786-64ac6889e906,FALSE,FALSE,EMEA,High Tech,$1k-$10k,Basic
"Yundt, Heaney and Koch",1392938.96,79.13,50.09,55.03,0.13,4becb6cd-dc94-4ebf-86ab-fd4c7f10b188,6fa1fc88-aff1-4fef-938d-28b375a12e43,FALSE,FALSE,EMEA,Financial Services,$1-$1k,Basic
Mayer and Sons,136249.06,-51.18,45.2,88.27,0.66,108767c6-04f6-4eb0-97de-172825ba3900,a7048076-59a7-425c-99ab-fa43774a8a11,FALSE,FALSE,AMER,High Tech,$1-$1k,Basic
"Bednar, Gutkowski and Howell",186177.82,20.62,14.11,33.94,0.89,50467c52-8aa7-4599-8ff9-da29f7e8a49d,b08e1a42-35db-4283-b131-a86e02db4903,FALSE,FALSE,AMER,Financial Services,$1-$1k,Basic
Koss-O'Reilly,1356865.2,53.17,93.36,36.72,0.05,55fc9406-413f-4dff-aafe-5788922995f6,b2314173-41cb-4434-a984-14dc7929b140,FALSE,FALSE,AMER,High Tech,$1-$1k,Basic
"Gulgowski, Harber and Ziemann",718946.61,16.91,50.93,38.54,0.42,8ac2ca17-5bc2-4150-a735-613c1a10bc0e,1e686728-232a-45e1-9916-1af9811a983e,FALSE,FALSE,AMER,High Tech,$1-$1k,Basic
Brown Inc,680277.95,-58.81,87.45,75.24,0.3,50467c52-8aa7-4599-8ff9-da29f7e8a49d,f1d15de0-9954-4144-bfcb-d1f81780b051,TRUE,FALSE,AMER,High Tech,$1-$1k,Basic
Kessler LLC,1484633.45,-10.83,37.61,86.28,0.82,45f9cb65-5fcc-445c-a59d-2d98f1e1ab72,69d277a7-f500-4ebf-9553-ac8c7e780508,FALSE,FALSE,AMER,High Tech,$1-$1k,Basic
"Kessler, Kulas and Huels",380667.88,88.07,96.31,45.63,0.61,173c4a99-a15c-47c6-a7bf-8feb2818fb0c,ffd90035-5e50-4f20-a9cf-2b7f65a2edf4,FALSE,FALSE,EMEA,High Tech,$1-$1k,Basic
Grant-Will,1461234.08,52.32,17.52,2.29,0.97,a4b8e0e9-3e5d-404d-935b-4d7b043a8b69,9265a2bf-8fbc-4498-943b-8696b21a983f,FALSE,FALSE,EMEA,High Tech,$1-$1k,Basic
Gaylord-Carter,808879.94,64.7,14.14,9.78,0.05,0604ed68-52e9-4421-a0f2-bf2edded1c31,70a7fd10-d109-423e-9100-c910614e0f9b,FALSE,FALSE,AMER,High Tech,$1-$1k,Basic
Roberts Inc,399225.65,-67.61,38.79,73.39,0.56,4b026491-da38-491e-9603-f5847ffc73e5,81472848-cf90-4a05-85cf-53c5abb988a4,FALSE,FALSE,AMER,High Tech,$1k-$10k,Basic
Abbott LLC,1062728.33,51.42,87.57,15.61,0.32,c0413674-8fe0-4006-bc0b-ef40ccb0bb1d,1f181d7a-a0f4-42c6-a9b1-4753c3a71adc,FALSE,FALSE,AMER,High Tech,$1-$1k,Basic
Brekke-Kirlin,57353.22,6.53,70.51,28.71,0.66,50ceab5c-4675-4694-b578-395c94a3dad6,cfbefd1f-2767-4eff-82b5-34de6fa07ca7,FALSE,FALSE,AMER,High Tech,$1-$1k,Basic
"Zulauf, McLaughlin and Jones",799014.62,-66.56,92.75,87.39,0.54,1e034158-d133-4386-876e-15c9e3094967,80d032af-79b8-45e5-bd61-f4e7407cde70,FALSE,FALSE,AMER,Financial Services,$1-$1k,Basic
Lind-O'Hara,206753.46,5.37,89.55,98.23,0.82,c0413674-8fe0-4006-bc0b-ef40ccb0bb1d,46943632-755b-4f70-a538-3d757b3e6a1d,FALSE,FALSE,AMER,High Tech,$1-$1k,Basic
"Witting, DuBuque and Rolfson",1135957,-50.12,76.08,63.48,0.6,2974450e-31e2-4b47-b00a-f266c6b0af44,d1a2aa1d-85be-4a32-8e56-3dfb23399fc9,FALSE,FALSE,EMEA,Financial Services,$1-$1k,Basic
"Tillman, Flatley and Graham",1188456.69,48.99,46.23,19.45,0.56,0cc81865-cc30-4b25-bb67-10cac4e78e48,c366e219-d1d2-4bfc-a692-5c2d1002bccd,FALSE,FALSE,AMER,High Tech,$1-$1k,Basic
Kiehn-Rolfson,891588.37,73.99,22.09,48.04,0,50ceab5c-4675-4694-b578-395c94a3dad6,649db0a4-6381-4769-833c-c34c7c1a7367,FALSE,TRUE,AMER,High Tech,$1-$1k,Basic
Kohler-Reilly,1031680.89,0.88,54.41,68.79,0.18,bca1c594-2ae9-4043-8d6e-a719502b40b5,e42ae37d-7d2d-4f1b-b8c3-1bdf4de12fae,FALSE,FALSE,AMER,High Tech,$1-$1k,Basic
Cassin Group,606979.53,24.6,78.63,61.39,0.16,685e4cb1-c28f-4faa-a732-497579b32eb3,a8491b12-d809-4f12-8c3c-aee5f63b1f81,FALSE,FALSE,AMER,High Tech,$1-$1k,Basic
Von LLC,1404245.13,-51.32,80.65,30.72,0.91,0f58dd22-b50a-4cd5-a628-cebd7f5cbba7,3b227b2d-7005-4762-8a48-b2c2eb1f4ed9,FALSE,FALSE,AMER,High Tech,$1k-$10k,Basic
Aufderhar-Homenick,23948.3,-59.06,3.99,46.81,0.08,2974450e-31e2-4b47-b00a-f266c6b0af44,72ba637f-80a0-4de6-9ad2-7a51d05d62fe,TRUE,FALSE,AMER,Public Sector,$1-$1k,Basic
"Borer, Cremin and Pagac",1057227.65,42.38,50.49,70.69,0.44,9552287d-d048-48d9-a4be-d46f6c6e1450,fde9bb35-5f1c-4f9a-a8a7-b4502ca24e09,FALSE,FALSE,AMER,Public Sector,$1-$1k,Basic
Corkery-Murray,409437.48,-16.9,86.96,21.31,0.7,060359e3-93d3-4f9f-98c5-fa204d2c1501,9eebbfff-132f-44de-85ad-6825f04c7cdc,FALSE,FALSE,APAC,Public Sector,$1-$1k,Basic
Beatty Inc,1256722.9,69.04,33.52,19.5,0.67,4b026491-da38-491e-9603-f5847ffc73e5,d1d4b8d1-a75d-4b7a-b384-f34a0efb0a26,FALSE,FALSE,AMER,Education,$1-$1k,Basic
Goodwin LLC,854177.82,-51.19,48.72,16.53,0.7,f3aeb63e-9a44-42d6-a7be-c956f635b66d,1ca1a93e-aec3-4497-9cd6-dda9723df22c,FALSE,FALSE,APAC,Education,$1-$1k,Basic
Littel and Sons,480436.37,-61.68,91.61,32.67,0.83,50467c52-8aa7-4599-8ff9-da29f7e8a49d,492e3364-b35e-4cd2-aa3e-48cf6ed6f966,FALSE,TRUE,EMEA,High Tech,$1-$1k,Basic
"Lesch, Cremin and Kertzmann",365686.74,-74.2,11.97,73.13,0.22,173c4a99-a15c-47c6-a7bf-8feb2818fb0c,a5a96f32-d0e4-4bc4-8259-933e3f19343c,FALSE,FALSE,EMEA,High Tech,$1-$1k,Basic
Bashirian-Wyman,182807.57,-43.97,27.84,97.08,0.03,531d5b30-c9aa-46ed-9190-5b57a76000d1,6911d1d7-2253-49b6-9864-576a83e3126d,FALSE,FALSE,APAC,High Tech,$1-$1k,Basic
Pollich-Johns,344553.84,78.48,72.29,98.69,0.39,8698f130-ab93-466a-9def-a10d2b115b7a,e03bcc2a-c1a4-42ce-8662-b1be612974ec,FALSE,FALSE,AMER,High Tech,$1-$1k,Basic
Williamson-Schuppe,1113478.86,64.04,72.72,66.64,0.35,45f9cb65-5fcc-445c-a59d-2d98f1e1ab72,6d463834-8021-4626-aea3-313bd3147640,FALSE,FALSE,EMEA,High Tech,$1-$1k,Basic
"Yundt, Waelchi and Leuschke",1148682.82,-45.63,89.13,27.45,0.15,4becb6cd-dc94-4ebf-86ab-fd4c7f10b188,ccec5c81-ae2b-464c-a02d-0441924751e3,FALSE,FALSE,EMEA,High Tech,$1-$1k,Basic
"Champlin, Flatley and Orn",405484.07,-57.02,61.44,23.61,0.48,060359e3-93d3-4f9f-98c5-fa204d2c1501,d8abe62f-4220-4f3b-ac71-3c2777f3867a,FALSE,FALSE,AMER,Public Sector,$1-$1k,Basic
Osinski-Schinner,1467264.98,-57.42,82.6,51.92,0.56,533e079e-c2cf-4537-bcbc-d92700df894a,b17880ad-81a6-4831-bcbb-a13b3e542439,FALSE,FALSE,EMEA,High Tech,$1-$1k,Basic
Kihn-Altenwerth,266231.89,42.75,2.09,37.87,0.06,7ddfdf70-10b4-4026-8705-066cb1c9ea9f,601004d1-f25a-40e7-9707-ee7ae5a5194d,FALSE,FALSE,AMER,High Tech,$1-$1k,Basic
Koelpin Inc,882787.87,-60.32,2.77,41.88,0.87,8c3ec42a-42f8-4ec1-b167-16c3555814f3,c6bd0f79-7408-40f0-a811-d1d6ccb32fa7,FALSE,FALSE,AMER,High Tech,$1-$1k,Basic
Kris-Wiegand,1465395.2,-53.49,25.6,38.82,0.24,50467c52-8aa7-4599-8ff9-da29f7e8a49d,040ee213-ffd8-4daa-9e68-987623cebd8e,FALSE,FALSE,EMEA,Public Sector,$1-$1k,Basic
"Stehr, Mante and Denesik",860311.84,-36.08,53.55,26.84,0.28,45f9cb65-5fcc-445c-a59d-2d98f1e1ab72,7e844f67-0f84-4c2b-b6c1-aa53f9b13ca4,FALSE,FALSE,EMEA,Public Sector,$1-$1k,Basic
Carter Group,1338208,48.07,49.56,75.3,0.34,6a9c9b9d-12a1-4514-8906-bcaad926c491,4f72e1e8-4dd3-4d4e-a94e-269a197cece7,FALSE,FALSE,AMER,High Tech,$1-$1k,Basic
VonRueden-Hintz,661527.86,-99.28,84.32,56.14,0.6,8aa7eb72-d29b-4e06-8eb6-245b94e1fa6d,66662cb0-e742-48c9-93db-fc639f509ca3,FALSE,FALSE,AMER,Financial Services,$1-$1k,Basic
Doyle and Sons,577781.25,50.41,65.74,64.54,0.66,19f9ce82-d969-467a-868d-c28d3df58623,748eeced-883e-4bef-8cc5-cc96766d60d1,FALSE,FALSE,AMER,High Tech,$1-$1k,Basic
"Bauch, Ziemann and Cassin",772500.03,13.91,98.4,71.85,0.98,9552287d-d048-48d9-a4be-d46f6c6e1450,c754f991-627c-477a-8f96-6d48e14f063a,FALSE,FALSE,EMEA,High Tech,$1-$1k,Basic
Frami-Walsh,1425580.24,-54.1,68.55,30.36,0.81,45f9cb65-5fcc-445c-a59d-2d98f1e1ab72,0b039e02-4963-40f8-a5d8-78b9f02e696e,FALSE,FALSE,EMEA,High Tech,$1-$1k,Basic
"Waters, Johnston and Collins",1324908.61,-51.48,35.23,98.97,0.05,4d1c0d0b-0a58-45be-891b-98d9b140eb3e,2a819e31-6fc5-484b-8e6d-af91b591fac2,FALSE,FALSE,AMER,High Tech,$1-$1k,Basic
"Predovic, Gorczany and McLaughlin",488518.65,82.08,46.3,66.68,0.78,99d34644-c9ad-4931-8ab7-77d3fbc3f20f,59f3440e-9300-4824-b943-efc1664d5884,FALSE,TRUE,AMER,Education,$1-$1k,Basic
Corkery and Sons,504853.36,92.68,6.07,42.08,0.59,173c4a99-a15c-47c6-a7bf-8feb2818fb0c,aeb8658a-e7a7-4e4b-a19a-a5ab2679064e,FALSE,FALSE,APAC,High Tech,$1-$1k,Basic
"Kertzmann, Nader and Hoppe",437819,-24.04,94.09,56.36,0.79,0604ed68-52e9-4421-a0f2-bf2edded1c31,92aba11b-3202-4ad9-893d-79b678644c82,FALSE,FALSE,APAC,High Tech,$1-$1k,Basic
Block LLC,490916.35,40.83,15.28,27.91,0.31,7fa913bc-c3aa-48b6-a5a9-cb940a98c93d,c24d0443-40cd-4e35-841a-ec31aa35fa08,FALSE,FALSE,AMER,High Tech,$1-$1k,Basic
Yundt LLC,766587.15,12.3,27.48,6.18,0.47,7ddfdf70-10b4-4026-8705-066cb1c9ea9f,44adff09-2bfb-4e65-9a28-072b7d7c3219,FALSE,FALSE,AMER,High Tech,$1-$1k,Basic
"Mohr, Hackett and Kulas",87883.44,-90.4,94.88,77.79,0,3e7298c3-1439-473c-bb12-62b6d411bfdc,1737a0e3-d9f8-4d7c-9334-4ddad06f16a6,FALSE,TRUE,EMEA,High Tech,$1-$1k,Basic
Schroeder-Kunze,499915.22,93.53,21.24,77.01,0.88,4b840e76-ded7-4867-8468-488fb1bcdb37,d4bb7091-8046-4c18-a4cf-faa2d15d5f33,FALSE,FALSE,AMER,High Tech,$1-$1k,Basic
Gibson-Hegmann,113740.96,63.41,44.43,86.97,0.06,50467c52-8aa7-4599-8ff9-da29f7e8a49d,15e3975e-a352-44b7-9198-2e7840cea8f5,FALSE,FALSE,EMEA,Financial Services,$1-$1k,Basic
"O'Kon, Skiles and Wehner",53773.56,90.38,10.87,46.15,0.9,6a9c9b9d-12a1-4514-8906-bcaad926c491,b1904b2b-9271-4df4-830d-bd81e4943c1a,FALSE,FALSE,AMER,High Tech,$1-$1k,Basic
"Larkin, Muller and Shanahan",393401.56,64.81,70.2,71.76,0.86,84446bc3-f289-4e3e-9460-6d8770045472,d24b2427-db07-4324-a586-fff82cab39f2,FALSE,FALSE,EMEA,High Tech,$1k-$10k,Basic
Gutmann Group,1166800.08,68.31,31.28,12.06,0.08,1016e11a-1c7c-4c1b-aa25-fdb801dcd7be,9e1e38b5-375d-4f01-aa97-ae4d3fbde610,FALSE,FALSE,EMEA,Public Sector,$1-$1k,Basic
Keebler-Kling,162054.56,10.53,84.4,92.27,0.52,7efa9e84-9011-4762-9984-d2b5e7de32ff,4f5b6647-f2ac-4512-9806-04074e4cabf9,FALSE,FALSE,AMER,High Tech,$1M+,Deluxe
McCullough-Grady,1136818.3,31.56,21.9,79.36,0.08,96177598-22f4-437e-a887-1149a345469d,5e74d7fa-05a5-4f8e-91aa-5598e7446351,FALSE,FALSE,EMEA,Education,$100k-$1M,Deluxe
"Heller, Block and Ebert",1466774.74,38.62,33.64,72.52,0.47,173c4a99-a15c-47c6-a7bf-8feb2818fb0c,a279e9e2-f31e-486e-acdc-3672617bb843,FALSE,FALSE,APAC,Education,$1M+,Deluxe
Kling-Hamill,726443.6,-2.7,49.69,92.14,0.33,531d5b30-c9aa-46ed-9190-5b57a76000d1,fecc6594-dcc2-4162-ab56-6d73b320971d,FALSE,FALSE,AMER,Financial Services,$1M+,Deluxe
Kilback-Wilkinson,1401508,-31.61,53.16,23.53,0.64,96177598-22f4-437e-a887-1149a345469d,ae93081d-62c0-4d43-85c3-7ec4726820f2,FALSE,FALSE,AMER,High Tech,$10k-$100k,Deluxe
Hoppe LLC,962785.36,-41.92,6.5,59.53,0.89,fdae518c-59dc-4eed-b8fa-e283a6696df9,db0ac1f6-d12a-4bf5-b4a1-6e81bfea6af3,FALSE,FALSE,AMER,Financial Services,$1M+,Deluxe
"Trantow, Wiegand and Watsica",338349.62,13.69,47.95,85.27,0.24,2974450e-31e2-4b47-b00a-f266c6b0af44,efbf2bdf-db26-4904-a0da-48e9644b9b95,FALSE,FALSE,EMEA,High Tech,$1M+,Deluxe
Morar-Robel,273840.07,2.69,85.58,51.58,0.65,2974450e-31e2-4b47-b00a-f266c6b0af44,9ee06c1f-4f4a-4f07-8e32-5a492a87d038,FALSE,FALSE,AMER,Construction,$100k-$1M,Deluxe
"Glover, Anderson and Parker",1367581.35,-94.38,24.23,59.76,0.98,4b026491-da38-491e-9603-f5847ffc73e5,4d796d57-d73e-4b79-8aca-b784ca3eda4c,FALSE,FALSE,AMER,Financial Services,$100k-$1M,Deluxe
Kuhlman-Ondricka,913019.98,-0.64,24.36,94.9,0.1,6a9c9b9d-12a1-4514-8906-bcaad926c491,d1709546-668c-45f9-aa4d-8cb66d0ac6b8,FALSE,FALSE,AMER,High Tech,$10k-$100k,Deluxe
"Fahey, Goldner and Lang",36170.65,54.53,85.42,3.3,0.73,4d1c0d0b-0a58-45be-891b-98d9b140eb3e,e019ef9b-c887-4a3a-b430-2460d7bef3f9,FALSE,FALSE,AMER,Education,$1M+,Deluxe
Gleichner-Adams,743662.64,50.03,90.17,67.72,0.13,1016e11a-1c7c-4c1b-aa25-fdb801dcd7be,d758e9b5-cd82-4465-b297-12674069f203,FALSE,FALSE,AMER,High Tech,$1M+,Deluxe
"Shields, Kreiger and Pagac",533870.83,-63.39,9.32,96.07,0.35,9d71caf2-8532-41d5-92f0-7d8fe8124650,eacc273c-4b52-40c9-ac31-01b8297ca760,FALSE,FALSE,AMER,High Tech,$10k-$100k,Deluxe
"Swift, Kuvalis and White",945374.83,91.05,73.49,86.42,0.24,2974450e-31e2-4b47-b00a-f266c6b0af44,22d690e1-3240-4056-9ad5-bfc6710a8150,FALSE,FALSE,EMEA,High Tech,$100k-$1M,Deluxe
Waters LLC,1146830.93,78.26,93.78,70.03,0.09,19f9ce82-d969-467a-868d-c28d3df58623,baa1c95a-9858-4f97-a78b-6a4d420a29e4,FALSE,FALSE,AMER,Financial Services,$1M+,Deluxe
"Kiehn, Cummerata and Glover",430978.37,-81.07,86.39,74.57,0.77,c0413674-8fe0-4006-bc0b-ef40ccb0bb1d,d518809d-d0c8-4dca-904d-1c7d3510b724,FALSE,FALSE,EMEA,Construction,$1M+,Deluxe
Rath Inc,258627.47,-28.85,82.19,62.6,0.74,31285581-0985-4375-955a-c8aa083183e3,3beba9a0-1264-4f08-9ad9-c19ae8fb54f7,FALSE,FALSE,AMER,High Tech,$1M+,Deluxe
"Stoltenberg, Barrows and Will",104137.78,-76.68,37.99,76.73,0.51,4b026491-da38-491e-9603-f5847ffc73e5,13f06fa3-28ed-47d6-b441-91f7c288a62f,FALSE,FALSE,AMER,High Tech,$10k-$100k,Deluxe
Aufderhar Group,746267.84,60.01,77.22,14.55,0.91,4b026491-da38-491e-9603-f5847ffc73e5,155dac6e-313a-4cf9-adcf-9d6a14365d4c,FALSE,FALSE,APAC,High Tech,$1M+,Deluxe
Considine Group,1196484.11,-49.39,7.18,25.48,0.08,8aa7eb72-d29b-4e06-8eb6-245b94e1fa6d,cdd18d0d-910e-4c33-98e2-b8d87d501d92,FALSE,FALSE,APAC,Financial Services,$1M+,Deluxe
Reynolds Inc,1155557.85,-88.2,83.9,97.85,0.99,0cc81865-cc30-4b25-bb67-10cac4e78e48,c48575c7-9b41-4465-8781-9a2df705649a,FALSE,FALSE,AMER,Financial Services,$1M+,Deluxe
Ullrich-Schuster,657083.64,60.13,88.19,37.16,0.28,f3aeb63e-9a44-42d6-a7be-c956f635b66d,70092951-dc9f-4066-9292-cdcac8e5379f,FALSE,FALSE,AMER,High Tech,$10k-$100k,Deluxe
Raynor Inc,185149.26,50.96,83.19,41.24,0.9,9d71caf2-8532-41d5-92f0-7d8fe8124650,7424cc3c-de9e-4d41-9788-a8a800880a95,FALSE,FALSE,AMER,High Tech,$100k-$1M,Deluxe
"Gottlieb, Corkery and Rice",1044022.58,50.69,53.73,96,0.09,8c3ec42a-42f8-4ec1-b167-16c3555814f3,672e6725-93dd-40a5-94bf-57fd4b0d848c,FALSE,FALSE,AMER,Construction,$1-$1k,Deluxe
"Green, Romaguera and Bednar",278240.12,-16.59,15.03,14.7,0.04,1016e11a-1c7c-4c1b-aa25-fdb801dcd7be,bf31e064-e684-426d-8de1-97048c50f711,FALSE,FALSE,AMER,Education,$1M+,Deluxe
Kilback LLC,303525.15,9.93,75.66,61.71,0.79,77302279-f265-4033-b930-8a3f1dec56e8,33fe0e88-954e-4051-bc8f-eae95e3e6ce6,FALSE,FALSE,EMEA,Public Sector,$100k-$1M,Deluxe
"Veum, Predovic and Lehner",1006487.43,-67.08,10.01,39.81,0.8,6e66a9bb-d61e-4396-aa58-b480001ee3e7,2766a153-9584-47a0-b947-1c1c874cff32,FALSE,FALSE,APAC,High Tech,$1M+,Deluxe
Padberg Inc,948412.68,-28.79,11.17,18.01,0.33,19f9ce82-d969-467a-868d-c28d3df58623,07c1ed89-9ae4-4cee-9c71-0857877686f4,FALSE,FALSE,AMER,Financial Services,$1M+,Deluxe
"Torphy, Ratke and Batz",133505.65,-79.53,67.81,2.69,0.62,45f9cb65-5fcc-445c-a59d-2d98f1e1ab72,aedb5138-0525-4207-a9e2-9e5bf5ea780a,FALSE,FALSE,APAC,High Tech,$1-$1k,Deluxe
Heller-Bernhard,866309,68.61,11.71,8.43,0.76,55fc9406-413f-4dff-aafe-5788922995f6,ab49088c-8842-4bf8-8dde-bd1f8221ce92,FALSE,FALSE,EMEA,Education,$1M+,Deluxe
Ebert-Hudson,414655.05,-63.4,17.62,15.66,0.64,060359e3-93d3-4f9f-98c5-fa204d2c1501,dcd6c87c-d489-4705-8be9-00cc5517e1bf,FALSE,FALSE,APAC,High Tech,$1-$1k,Deluxe
Rippin Inc,211456.44,74.88,48.1,88.51,0.68,bed17b7b-d710-45fc-9815-d1b9ee79d735,bc5e6686-e360-4bed-8531-d34153662cb9,FALSE,FALSE,AMER,Public Sector,$1M+,Deluxe
"Schulist, Hoppe and Kirlin",79417.11,-3.25,47.34,3.5,0.3,9552287d-d048-48d9-a4be-d46f6c6e1450,5c621262-c38e-4787-8031-8c8debca0d96,FALSE,TRUE,AMER,Financial Services,$100k-$1M,Deluxe
Lakin-Bartell,1476665.18,-24.53,2.24,80.13,0.11,31285581-0985-4375-955a-c8aa083183e3,c31ef312-5564-4272-9c56-41c9db156461,FALSE,FALSE,EMEA,High Tech,$100k-$1M,Deluxe
"Heathcote, Tromp and Gottlieb",233054.53,17.6,41.45,87.96,0.28,4becb6cd-dc94-4ebf-86ab-fd4c7f10b188,d0769c04-2c6c-450e-89ca-f93e6f5fb000,FALSE,FALSE,AMER,Education,$10k-$100k,Deluxe
"Hane, Gusikowski and Moen",250474.31,25.7,86.59,32.25,0.42,bca1c594-2ae9-4043-8d6e-a719502b40b5,8e8d18e6-ac29-4cf3-a02a-60696816215f,FALSE,FALSE,AMER,High Tech,$1M+,Deluxe
Wolf-Prosacco,1051954.67,81.39,13.8,95.77,0.62,7efa9e84-9011-4762-9984-d2b5e7de32ff,ea90821e-af51-431a-bbf4-3f56fd50f552,FALSE,FALSE,AMER,Public Sector,$10k-$100k,Deluxe
Funk and Sons,1046853.53,-8.79,40.1,33.03,0.42,9d71caf2-8532-41d5-92f0-7d8fe8124650,c289d6e1-934b-4d5a-acea-9eff17ca7e1f,FALSE,FALSE,AMER,Financial Services,$100k-$1M,Deluxe
"Spencer, Wiza and Greenfelder",689528.54,-99.5,15.11,97.06,0.32,96177598-22f4-437e-a887-1149a345469d,8dfbbfe9-d09b-464b-9305-a44ab669dc26,FALSE,FALSE,AMER,High Tech,$1M+,Deluxe
Williamson Inc,1279324,81.16,50.19,69.96,0.29,0cc81865-cc30-4b25-bb67-10cac4e78e48,20914124-18cd-4ea1-86e6-00ca2733380e,FALSE,FALSE,AMER,Financial Services,$100k-$1M,Deluxe
Kovacek-Herzog,1498337.76,70.1,31.56,50.91,0.78,fdae518c-59dc-4eed-b8fa-e283a6696df9,561640ab-a48d-4d36-99c1-271007064a7f,FALSE,FALSE,AMER,Education,$100k-$1M,Deluxe
Krajcik-Nikolaus,985552.16,4.1,93.93,18.59,0.81,1e034158-d133-4386-876e-15c9e3094967,6f7cfece-2d37-4bb2-913b-541112143160,FALSE,FALSE,AMER,High Tech,$10k-$100k,Deluxe
"Treutel, Kilback and Maggio",248058.25,-36.85,16.63,12.13,0.24,06d74387-6eff-4ed0-ac04-bdd627aa2f62,ed76fe85-9a70-4069-8c31-c9017e02bae6,FALSE,FALSE,AMER,High Tech,$1M+,Deluxe
Streich-Nicolas,627602.87,-46.47,81.93,16.87,0.68,1b065394-aa6a-4acf-8d7e-bf88214d8eb9,8464dc38-274d-4da6-a100-44f593868844,FALSE,FALSE,EMEA,Education,$100k-$1M,Deluxe
"Jones, Gaylord and Keeling",250016.34,-86.98,41.15,69.99,0.93,7efa9e84-9011-4762-9984-d2b5e7de32ff,b5778407-3438-43a5-abd4-81f1c1082a54,FALSE,FALSE,AMER,High Tech,$100k-$1M,Deluxe
McLaughlin Inc,476043.06,-7.48,29.91,73.52,0.21,7fa913bc-c3aa-48b6-a5a9-cb940a98c93d,3c0008b5-765c-41c1-85f5-ecabacc39761,FALSE,FALSE,AMER,High Tech,$100k-$1M,Deluxe
"Skiles, Pagac and Welch",1118181.61,-20.93,89.37,84.51,0.3,1b065394-aa6a-4acf-8d7e-bf88214d8eb9,03f96dee-b37b-4234-8ff8-36616775b2cd,FALSE,FALSE,AMER,High Tech,$1M+,Deluxe
Grady-Morissette,1472510.69,5.76,6.51,65.71,0.52,f3aeb63e-9a44-42d6-a7be-c956f635b66d,92d891e1-5fd0-432c-a88d-3dda3d674274,FALSE,FALSE,AMER,Financial Services,$100k-$1M,Deluxe
"Mills, Fadel and McLaughlin",698877.58,40.16,84.2,53.94,0.08,7ddfdf70-10b4-4026-8705-066cb1c9ea9f,1b5b2863-877c-4d10-9818-578428b78f39,FALSE,FALSE,AMER,High Tech,$100k-$1M,Deluxe
Swift-Stoltenberg,1096579,-57.11,67.35,52.37,0.61,173c4a99-a15c-47c6-a7bf-8feb2818fb0c,6770257d-478f-4867-8489-dd37b328624a,FALSE,FALSE,AMER,Public Sector,$10k-$100k,Deluxe
Brown and Sons,1011942.48,54.1,91.3,96.09,0.4,2974450e-31e2-4b47-b00a-f266c6b0af44,18ba85f9-ddfd-4848-b48a-8559f179c980,FALSE,FALSE,AMER,High Tech,$1M+,Deluxe
Lakin and Sons,581128.3,-97.58,91.41,16.18,0.14,1b065394-aa6a-4acf-8d7e-bf88214d8eb9,f45c4177-1dc7-4e0a-8132-a13114ccb205,FALSE,FALSE,AMER,High Tech,$10k-$100k,Deluxe
"Kovacek, Bruen and Batz",1300530,-54.2,30.27,0.92,0.18,fdae518c-59dc-4eed-b8fa-e283a6696df9,62fb83b2-2d93-4ba2-9c67-67b944595b11,FALSE,FALSE,AMER,Education,$10k-$100k,Deluxe
"Rippin, Champlin and Nolan",1154949,76.94,40.39,90.76,0.3,531d5b30-c9aa-46ed-9190-5b57a76000d1,7c75d342-3ebe-4f44-8405-19109437f402,FALSE,FALSE,APAC,High Tech,$1M+,Deluxe
Boyer and Sons,917294.03,-2.97,87.51,86.02,0.09,bca1c594-2ae9-4043-8d6e-a719502b40b5,98b0ff12-3913-4fb6-89bf-0651d80334eb,FALSE,FALSE,AMER,Education,$100k-$1M,Deluxe
"Legros, Schmeler and Carroll",1405966,-96.69,26.12,38.13,0.55,96177598-22f4-437e-a887-1149a345469d,0a1bf1de-722e-4ed6-aed2-fc18fd7064a3,FALSE,FALSE,AMER,High Tech,$1M+,Deluxe
Gibson and Sons,561528.9,17.48,47.37,93.05,0.99,685e4cb1-c28f-4faa-a732-497579b32eb3,b14dc881-cebc-4202-bb1d-cacd40e67d92,FALSE,FALSE,AMER,Public Sector,$1M+,Deluxe
"Price, Gorczany and Pacocha",302092.42,40.32,8.65,64.93,0.59,0604ed68-52e9-4421-a0f2-bf2edded1c31,8b966f9f-c9f9-4b77-993c-5ddaf752a60e,FALSE,FALSE,AMER,High Tech,$100k-$1M,Deluxe
"Kerluke, Kuhic and Roberts",767109.44,-76.93,38.94,10.94,0.6,77302279-f265-4033-b930-8a3f1dec56e8,d7c1dda8-318e-40c1-a60c-9ecd3ce29270,FALSE,FALSE,AMER,High Tech,$100k-$1M,Deluxe
"Gerlach, Langosh and Stokes",640599.48,-89.48,11.68,54.27,0.35,8c3ec42a-42f8-4ec1-b167-16c3555814f3,7c811bfc-1b06-4c64-88e6-4cbfb837e9d1,FALSE,FALSE,EMEA,High Tech,$100k-$1M,Deluxe
Ward-Torp,1062633.48,-28.41,54.88,39.86,0.51,7fa913bc-c3aa-48b6-a5a9-cb940a98c93d,e4720942-20c4-4e33-a126-01cc3ff193b4,FALSE,FALSE,AMER,High Tech,$100k-$1M,Deluxe
"Beatty, Frami and Kihn",800584.97,-33.29,29.72,90.5,0.5,3e7298c3-1439-473c-bb12-62b6d411bfdc,4df47e2b-2e6a-438a-87d7-f41460743e00,FALSE,FALSE,AMER,High Tech,$100k-$1M,Deluxe
Rempel-Schuster,728862.89,26.51,36.59,93.57,0.5,3e7298c3-1439-473c-bb12-62b6d411bfdc,a3279781-e21b-4dfe-a84d-ad7e6ef4a18b,FALSE,FALSE,APAC,High Tech,$1M+,Deluxe
Schneider LLC,232990.84,7.16,34.65,71.28,0.27,fdae518c-59dc-4eed-b8fa-e283a6696df9,fd93b16d-9b62-44cb-9c4b-2be963275fb5,FALSE,FALSE,AMER,High Tech,$100k-$1M,Deluxe
O'Keefe-O'Connell,263785.44,0.88,19.16,1.01,0.63,7ddfdf70-10b4-4026-8705-066cb1c9ea9f,bc876dd9-c1ea-4089-86d5-25236a463862,FALSE,FALSE,AMER,High Tech,$100k-$1M,Deluxe
Bode Inc,1414102.4,58.98,96.77,20.72,0.8,0f58dd22-b50a-4cd5-a628-cebd7f5cbba7,b34cebbb-4218-4853-96e9-1994d8b9532f,FALSE,FALSE,EMEA,High Tech,$100k-$1M,Deluxe
Sporer-Schaden,41100.01,39.3,60.3,44.63,0.31,8698f130-ab93-466a-9def-a10d2b115b7a,2fffa37d-3de7-4c77-bcf0-d964d79ca1c7,FALSE,FALSE,AMER,Financial Services,$1M+,Deluxe
"Hilll, Kilback and Hauck",795687.13,-16.75,23.91,25.2,0.45,7efa9e84-9011-4762-9984-d2b5e7de32ff,310617b9-e5e7-4f55-bd48-7c30fe635146,FALSE,FALSE,AMER,Public Sector,$1M+,Deluxe
"Bogisich, Fadel and Pouros",204133.09,-66.17,54.83,51.7,0.36,4d9fd110-29be-4e2c-b44f-6e357d790472,e478b5d0-e3ae-4422-932c-7cb4eccf7a21,FALSE,FALSE,AMER,Public Sector,$1M+,Deluxe
"Sawayn, Kutch and Lebsack",610216.46,72.01,49.74,19.7,0.47,173c4a99-a15c-47c6-a7bf-8feb2818fb0c,1dfb29c0-4bad-4596-940b-b8fc667bc3d7,FALSE,FALSE,EMEA,Public Sector,$1M+,Deluxe
"Russel, Wyman and Nienow",288985.51,-86.16,60.65,16.29,0.99,50ceab5c-4675-4694-b578-395c94a3dad6,4f074142-9294-48d5-a9bb-773227d73b70,FALSE,FALSE,AMER,High Tech,$100k-$1M,Deluxe
Gorczany Inc,346239.52,44.11,38.42,60.94,0.61,77302279-f265-4033-b930-8a3f1dec56e8,fb9be78c-5c89-4523-b150-b2f585f0d9ed,FALSE,FALSE,EMEA,High Tech,$100k-$1M,Deluxe
"Rice, Gleichner and Bradtke",1473155.46,-36.46,14.91,68.79,0.25,7ddfdf70-10b4-4026-8705-066cb1c9ea9f,171b2807-158a-43e5-af9e-549633e29523,FALSE,FALSE,AMER,High Tech,$100k-$1M,Deluxe
Bechtelar Inc,1028551.09,-32.02,66.11,14,0.42,1016e11a-1c7c-4c1b-aa25-fdb801dcd7be,05e87e3a-4ffc-423d-a3bc-312afd42de72,FALSE,FALSE,AMER,Education,$1M+,Deluxe
Nader and Sons,630007.37,-49.54,52.99,60.25,0.03,45f9cb65-5fcc-445c-a59d-2d98f1e1ab72,32cbc4e7-786e-42d2-8edf-86a56550d85e,FALSE,FALSE,AMER,Education,$1M+,Deluxe
"Crooks, Krajcik and Sawayn",709237.46,-61.25,96.51,66.49,0.22,173c4a99-a15c-47c6-a7bf-8feb2818fb0c,591d1d10-b1f2-4c5c-8fa8-7301834f1512,TRUE,FALSE,EMEA,Public Sector,$1-$1k,Deluxe
Dibbert-Cummerata,1019537.36,-86.17,69.95,44.67,0.07,bed17b7b-d710-45fc-9815-d1b9ee79d735,6749099a-2606-4a58-8ae7-e6f0ca927d76,FALSE,FALSE,EMEA,High Tech,$100k-$1M,Deluxe
Welch-Schuster,1403844,46.77,92.05,70.72,0.08,7efa9e84-9011-4762-9984-d2b5e7de32ff,5de22147-9f58-4fce-994f-e1eec31d28f5,FALSE,FALSE,AMER,High Tech,$100k-$1M,Deluxe
Marvin Inc,1461558.82,15.81,49.3,4.49,0.52,45f9cb65-5fcc-445c-a59d-2d98f1e1ab72,41fc80b5-132a-449a-bd46-d0603b63e246,FALSE,FALSE,AMER,High Tech,$1M+,Deluxe
Cummerata-Batz,60996.84,23.91,92.6,36.29,0.33,fdae518c-59dc-4eed-b8fa-e283a6696df9,9a03de79-b9ba-4a5f-8676-12df32c41571,FALSE,FALSE,EMEA,High Tech,$1M+,Deluxe
Ortiz-Bechtelar,751856.14,32.38,67.86,56.67,0.02,0cc81865-cc30-4b25-bb67-10cac4e78e48,c6f46431-fa37-44cc-9231-f85731e39596,FALSE,FALSE,AMER,Education,$1M+,Deluxe
"Hahn, Schinner and Langosh",140503,53.31,67.96,30.13,0.07,99d34644-c9ad-4931-8ab7-77d3fbc3f20f,6bd61f90-4e93-4a04-930d-3553ab31e872,FALSE,FALSE,EMEA,Financial Services,$1M+,Deluxe
Rath and Sons,1399287.33,-93.45,60.25,85.58,0.9,9552287d-d048-48d9-a4be-d46f6c6e1450,a3d877ec-35f5-451d-be16-f48e4c08c34e,FALSE,FALSE,APAC,High Tech,$1M+,Deluxe
Lynch LLC,224973.76,46.31,23.09,67.24,0.44,533e079e-c2cf-4537-bcbc-d92700df894a,d4eda65c-cc4b-4b17-80fc-c01ecddb9d32,FALSE,FALSE,AMER,High Tech,$100k-$1M,Deluxe
Donnelly-Gutmann,667146.54,-50.47,11.52,7.88,0.26,7ddfdf70-10b4-4026-8705-066cb1c9ea9f,e1c80f9f-f700-4e92-bf81-483b801e5b12,FALSE,FALSE,APAC,High Tech,$1M+,Deluxe
Kling and Sons,524199.18,-28.6,67.95,85.51,0.66,c0413674-8fe0-4006-bc0b-ef40ccb0bb1d,330df90f-7f47-44ee-b424-43af47928fb4,FALSE,FALSE,AMER,High Tech,$100k-$1M,Deluxe
Heller-Anderson,851614.78,-78.3,10.28,57.61,0.82,8698f130-ab93-466a-9def-a10d2b115b7a,a63f998c-8fa9-435e-ac34-0985cd66b262,FALSE,FALSE,AMER,High Tech,$10k-$100k,Deluxe
Effertz-Harris,1069872,-40.83,87.32,43.47,0.04,45f9cb65-5fcc-445c-a59d-2d98f1e1ab72,2970df0a-1e35-4179-bc84-68281703eb2f,FALSE,FALSE,EMEA,High Tech,$1M+,Deluxe
"Stracke, Walsh and Hoppe",1342212.28,-9.62,66.46,27.71,0.24,7fa913bc-c3aa-48b6-a5a9-cb940a98c93d,815a6ef3-8b2c-49df-89c9-4c0b380df80c,FALSE,FALSE,AMER,Education,$100k-$1M,Deluxe
Gerlach-Rogahn,850341.58,2.07,45.74,35.7,0.75,173c4a99-a15c-47c6-a7bf-8feb2818fb0c,6643c549-ec39-4545-a150-a1061601e7f3,FALSE,FALSE,AMER,Financial Services,$1M+,Deluxe
"Gibson, Walsh and Rosenbaum",429890.41,-24.29,15.62,50.6,0.55,bca1c594-2ae9-4043-8d6e-a719502b40b5,ed0a1697-b725-4d2e-aa23-5ff581969735,FALSE,FALSE,AMER,High Tech,$10k-$100k,Deluxe
"Russel, Bailey and Murazik",140472.11,-6.51,93.35,25.39,0.15,4b026491-da38-491e-9603-f5847ffc73e5,d74f5bff-6dc6-4ba2-b2f1-b291cd9481ac,FALSE,TRUE,EMEA,High Tech,$1M+,Deluxe
"Nicolas, Hilll and Mertz",514572.17,-40.9,91.75,22.7,0.94,060359e3-93d3-4f9f-98c5-fa204d2c1501,e1892766-c3bb-4380-b871-291e2c87d2ec,TRUE,FALSE,AMER,High Tech,$1M+,Deluxe
Rutherford Inc,1450124.49,-27.02,81.88,95.3,0.38,4d1c0d0b-0a58-45be-891b-98d9b140eb3e,5110dfdf-3872-43d8-a110-d90254cf361b,FALSE,FALSE,EMEA,High Tech,$1M+,Deluxe
Prosacco-Lind,574474.19,-97.88,89.2,13.56,0.41,6e66a9bb-d61e-4396-aa58-b480001ee3e7,5a98edf5-7f05-493e-99d8-24e9ae633e9b,FALSE,FALSE,AMER,High Tech,$100k-$1M,Deluxe
Lueilwitz-Spinka,946639.58,56.09,7.49,46.3,0.36,77302279-f265-4033-b930-8a3f1dec56e8,f0291188-4b6e-44bb-ab8e-8317866e684a,FALSE,FALSE,AMER,High Tech,$1M+,Deluxe
Hayes-Hills,192678.8,92.15,24.39,86.9,0.46,8aa7eb72-d29b-4e06-8eb6-245b94e1fa6d,5b84e820-ff36-42a2-9b3c-34182c1abc70,FALSE,FALSE,AMER,Construction,$10k-$100k,Deluxe
VonRueden-Dickens,820052.14,96.79,53.25,32.58,0.63,7ddfdf70-10b4-4026-8705-066cb1c9ea9f,3fd195cc-1e87-4486-9951-5f344e544fc2,FALSE,FALSE,AMER,High Tech,$100k-$1M,Deluxe
Parker-Willms,1208414.4,49.7,77.56,13.86,0.11,7ddfdf70-10b4-4026-8705-066cb1c9ea9f,296bef2f-31fd-4372-8534-c4895d0fb3c2,FALSE,TRUE,EMEA,High Tech,$1M+,Deluxe
Kassulke-Fisher,756324.3,-24.67,81.5,26.03,0.84,83f2fe25-3bf3-42ed-994e-a57ac27adf2d,22f03a69-bd77-4605-97e3-176758dce681,FALSE,FALSE,AMER,High Tech,$1M+,Deluxe
"Rempel, White and Howe",1121316.17,57.98,69.6,34.34,0.37,8aa7eb72-d29b-4e06-8eb6-245b94e1fa6d,8dbe0db3-22ee-4498-b91d-7214d860ec53,FALSE,FALSE,EMEA,Financial Services,$1M+,Deluxe
Fisher Group,998719,29.81,22.33,9.18,0.58,1b065394-aa6a-4acf-8d7e-bf88214d8eb9,89c6f452-1c6d-43aa-a634-82b55587288f,TRUE,FALSE,EMEA,Construction,$1-$1k,Deluxe
Gutmann and Sons,89730.2,49.65,86.45,13.51,0.83,55fc9406-413f-4dff-aafe-5788922995f6,6376eed8-9413-4f29-af91-de991676dc7a,FALSE,FALSE,AMER,High Tech,$10k-$100k,Deluxe
"Ankunding, Abbott and Carter",652132.48,57.14,69.37,0.33,0.72,c0413674-8fe0-4006-bc0b-ef40ccb0bb1d,1e9f5564-11a9-40f3-b900-f709253c971d,FALSE,FALSE,AMER,Financial Services,$1M+,Deluxe
Blanda LLC,669497.57,-67.84,5.09,65.61,0.97,7ddfdf70-10b4-4026-8705-066cb1c9ea9f,209d951c-8eb8-4660-bc7f-64f724788060,FALSE,FALSE,AMER,High Tech,$1M+,Deluxe
"Hane, McKenzie and Stark",389849.63,48.08,67.21,61.6,0.89,84446bc3-f289-4e3e-9460-6d8770045472,a6d5a73d-d7d5-4d67-9e1d-354b861cde45,FALSE,FALSE,APAC,High Tech,$1M+,Deluxe
"Hegmann, Murray and Corkery",1270905.56,5.33,21.48,95.11,0.21,77302279-f265-4033-b930-8a3f1dec56e8,eb8ca790-134e-47e3-ad4f-3331a5a1f5a6,FALSE,FALSE,AMER,High Tech,$10k-$100k,Deluxe
"Welch, Abernathy and Rodriguez",1425897.52,31.07,48.98,80.71,0.7,06d74387-6eff-4ed0-ac04-bdd627aa2f62,b9c691e2-9e0f-492f-9f46-d9ee5f9e6b29,FALSE,FALSE,AMER,High Tech,$1M+,Deluxe
Reichel-Bins,1010425.43,34.22,17.74,63.27,0.55,8aa7eb72-d29b-4e06-8eb6-245b94e1fa6d,814f5696-c295-4836-b3b0-3bd180fdce76,FALSE,FALSE,AMER,High Tech,$100k-$1M,Deluxe
Ruecker-Leannon,741748.67,3.21,59.26,32.86,0.59,50467c52-8aa7-4599-8ff9-da29f7e8a49d,021d0e62-de00-4977-ae23-6948a89ae439,FALSE,FALSE,AMER,Financial Services,$100k-$1M,Deluxe
Towne-Anderson,1198949,64.91,1.84,97.85,0.19,1b065394-aa6a-4acf-8d7e-bf88214d8eb9,3f1cba52-643d-4673-965d-c7d11ab07d5b,FALSE,FALSE,AMER,Public Sector,$1M+,Deluxe
Miller and Sons,578207.49,6.21,37.41,61.92,0.48,99d34644-c9ad-4931-8ab7-77d3fbc3f20f,2acedb10-f582-4851-986d-ea68eb72819d,FALSE,FALSE,AMER,High Tech,$100k-$1M,Deluxe
"Gleason, Kassulke and Leannon",1149901.47,-29.5,55.86,16.58,0.18,7fa913bc-c3aa-48b6-a5a9-cb940a98c93d,1fb8787a-5bde-404b-a84c-6ee7bcc454e5,FALSE,FALSE,EMEA,Financial Services,$1M+,Deluxe
Heller Group,597892.23,18.89,42.48,11.68,0.31,8698f130-ab93-466a-9def-a10d2b115b7a,b8437c31-0d65-4623-a662-fbf537694df8,FALSE,FALSE,APAC,High Tech,$100k-$1M,Deluxe
Bogisich Inc,11174.78,-82.13,40.44,56.77,0.73,6e66a9bb-d61e-4396-aa58-b480001ee3e7,5593291c-d67e-4b61-9067-da2664cbb476,FALSE,FALSE,AMER,Financial Services,$1M+,Deluxe
Greenfelder Group,25759.6,-81.95,93.5,89.39,0.19,8ac2ca17-5bc2-4150-a735-613c1a10bc0e,3bae266a-bb72-46c2-be40-8cc257a1c983,FALSE,FALSE,EMEA,Financial Services,$100k-$1M,Deluxe
Wiza-Mertz,223503.37,55.44,60.3,96.24,0.58,060359e3-93d3-4f9f-98c5-fa204d2c1501,b7c623f9-553a-4d4b-a4c0-6bba62a99551,TRUE,FALSE,EMEA,High Tech,$100k-$1M,Deluxe
Huel LLC,1392074.58,29.93,97.94,16.2,0.01,9552287d-d048-48d9-a4be-d46f6c6e1450,12124fca-2120-4cfb-9971-0b013d740f6c,FALSE,FALSE,AMER,High Tech,$100k-$1M,Deluxe
"Bayer, Bins and Ernser",930435.94,-64.23,61.07,16.54,0.59,8aa7eb72-d29b-4e06-8eb6-245b94e1fa6d,3ca9ebca-28df-423c-80bd-411db7b4105e,FALSE,FALSE,AMER,High Tech,$1M+,Deluxe
Quigley-Rodriguez,531561.52,-28.1,89.25,93.13,0.16,4becb6cd-dc94-4ebf-86ab-fd4c7f10b188,1df5da5e-8553-4032-9d5a-f9f1ec09df90,FALSE,FALSE,AMER,High Tech,$100k-$1M,Deluxe
Crooks Group,334298.32,23.16,87.5,97.12,0.06,3e7298c3-1439-473c-bb12-62b6d411bfdc,8e4e82b5-2283-4dfe-b316-21c85ad42395,FALSE,FALSE,EMEA,Financial Services,$100k-$1M,Deluxe
Langworth-Ondricka,1455846,-82.96,64.23,16.84,0.06,6e66a9bb-d61e-4396-aa58-b480001ee3e7,0ea7dabe-cbdd-438d-a260-ca9cdab4d08d,FALSE,FALSE,AMER,High Tech,$1M+,Deluxe
"Hartmann, Blick and Wunsch",542272.51,70.32,27.9,65.65,0.31,1e034158-d133-4386-876e-15c9e3094967,758e9daa-b846-47b5-a3ce-e86cd2ef9d88,FALSE,FALSE,EMEA,High Tech,$1M+,Deluxe
"Hessel, Williamson and Krajcik",876492.25,-66.09,66.75,69.87,0.58,a4b8e0e9-3e5d-404d-935b-4d7b043a8b69,ebef24a1-f1e7-44ed-8739-0550c734403d,FALSE,FALSE,AMER,Financial Services,$1M+,Deluxe
Treutel-Fadel,440705.06,-61.64,93.54,84.97,0.86,8a80ce54-f95a-413f-a44a-d16a7852af95,2086117e-f9b1-4dbf-9c8d-c1292df7e3c0,TRUE,FALSE,AMER,High Tech,$100k-$1M,Deluxe
"Rosenbaum, Volkman and Blanda",255020.06,37.36,25.77,66.36,0.9,fdae518c-59dc-4eed-b8fa-e283a6696df9,89cd0517-3a1c-4ccd-9de3-49ad63247f98,FALSE,FALSE,AMER,High Tech,$10k-$100k,Deluxe
Johnson LLC,131736.66,-85.15,62.64,82.06,0.07,8a80ce54-f95a-413f-a44a-d16a7852af95,f9e2f91a-7ac1-4ce4-bf7d-32367a203452,FALSE,FALSE,AMER,High Tech,$100k-$1M,Deluxe
Pfeffer Group,1232186.69,-52.44,8.6,10.45,0.61,f3aeb63e-9a44-42d6-a7be-c956f635b66d,30a8c6d3-509c-4e7e-8a6a-f8c56138419e,FALSE,FALSE,AMER,Public Sector,$1M+,Deluxe
Flatley-Kulas,1492146.98,50.39,54.22,8.4,0.95,7efa9e84-9011-4762-9984-d2b5e7de32ff,7d01820e-fe97-486f-aac5-9057b6a6a3f5,FALSE,FALSE,EMEA,High Tech,$10k-$100k,Deluxe
Connelly-Kozey,555666.73,57.64,63.11,33.3,0.47,31285581-0985-4375-955a-c8aa083183e3,8fc071ff-6a54-4cb6-9ff0-95f515b57155,FALSE,FALSE,EMEA,High Tech,$100k-$1M,Deluxe
Gutkowski-Crona,1069011.25,75.68,77.71,44.37,0.05,2974450e-31e2-4b47-b00a-f266c6b0af44,32b136a1-8058-454c-bc27-8ab2ece6f21c,FALSE,FALSE,AMER,High Tech,$100k-$1M,Deluxe
"Kertzmann, Lowe and Mraz",140262.98,-57.01,12.27,28.54,0.82,8698f130-ab93-466a-9def-a10d2b115b7a,ea9840ca-6ee7-4d6b-936b-25f96c0c666d,TRUE,FALSE,AMER,High Tech,$1M+,Deluxe
Dickinson-Graham,461946.74,-89.44,39.57,12.38,0.58,96177598-22f4-437e-a887-1149a345469d,3c686b40-a6ab-4c63-940a-b2156db4fca5,FALSE,FALSE,AMER,High Tech,$100k-$1M,Deluxe
"Grady, Boyle and Tillman",970588.29,29.2,1.65,53.83,0.82,7efa9e84-9011-4762-9984-d2b5e7de32ff,6321845d-8bfb-4fe5-ab61-0ad06a8cb494,FALSE,FALSE,AMER,Public Sector,$100k-$1M,Deluxe
Lakin Group,1255869.54,90.34,91.69,75.75,0.12,8c3ec42a-42f8-4ec1-b167-16c3555814f3,b85551da-8c45-4a47-869f-38778b062e74,FALSE,FALSE,AMER,High Tech,$1M+,Deluxe
Hane-Torp,497294.8,-61.52,87.93,11.7,0.05,8a80ce54-f95a-413f-a44a-d16a7852af95,0d5267b3-da40-4177-a9f9-ba9ae24ce258,FALSE,FALSE,AMER,Public Sector,$1M+,Deluxe
Greenholt Inc,786036.95,83.55,70.19,34.08,0.77,8c3ec42a-42f8-4ec1-b167-16c3555814f3,ce4f7426-544d-420e-a6f6-bc1c0011e58d,FALSE,FALSE,AMER,High Tech,$100k-$1M,Deluxe
Ferry-Wisozk,1373529.9,64.94,80.9,55.43,0.08,8a80ce54-f95a-413f-a44a-d16a7852af95,7cb2607c-e9b9-476a-9ebb-10404431e234,FALSE,FALSE,AMER,High Tech,$100k-$1M,Deluxe
"Schmitt, Koepp and Morissette",1274193.33,-1.24,3.6,45.25,0.65,6e66a9bb-d61e-4396-aa58-b480001ee3e7,d4366ead-4655-4b51-b82a-c224079aa8a4,FALSE,FALSE,AMER,High Tech,$10k-$100k,Deluxe
"Bergnaum, Dach and Waters",1157569.62,61.54,16.78,16.78,0.18,50ceab5c-4675-4694-b578-395c94a3dad6,4ee0e277-6056-4b62-a927-9d563956acc2,FALSE,FALSE,EMEA,Public Sector,$100k-$1M,Deluxe
Hudson and Sons,160515.78,71.14,78.43,31.68,0.26,531d5b30-c9aa-46ed-9190-5b57a76000d1,565b224c-ccd2-4239-a9e9-c426a01877da,FALSE,FALSE,AMER,High Tech,$1M+,Deluxe
Deckow Inc,267448.79,98.12,49.32,77.91,0.81,1e034158-d133-4386-876e-15c9e3094967,149a4ce9-666f-4a6e-97a7-2b51a7419a17,FALSE,FALSE,EMEA,High Tech,$100k-$1M,Deluxe
"Cronin, Runte and Schiller",653155.02,42.48,72.85,74.12,0.52,8aa7eb72-d29b-4e06-8eb6-245b94e1fa6d,6acc4e92-b3bb-4751-a213-3b6bfee84df5,FALSE,FALSE,AMER,Financial Services,$100k-$1M,Deluxe
Friesen Inc,493924.41,38.05,78.24,59.8,0.66,1b065394-aa6a-4acf-8d7e-bf88214d8eb9,7a84c5c1-fe77-44ba-9fd8-aca8ef59f2c1,FALSE,FALSE,APAC,High Tech,$1M+,Deluxe
Strosin Inc,1041014.1,40.2,18.88,75.27,0.31,0f58dd22-b50a-4cd5-a628-cebd7f5cbba7,3cd434ac-3819-4723-9b6a-bd12ffee8b2b,FALSE,FALSE,AMER,High Tech,$100k-$1M,Deluxe
Wilderman-Ankunding,340206.24,43.74,24.97,57.66,0.63,9552287d-d048-48d9-a4be-d46f6c6e1450,7ef51bca-3220-4fa4-922a-01d6d81602f8,FALSE,FALSE,AMER,High Tech,$100k-$1M,Deluxe
Bayer-Bailey,681822.65,62.35,68.19,19.7,0.12,173c4a99-a15c-47c6-a7bf-8feb2818fb0c,feef278d-a3a5-41f7-9547-3e7badea55cc,FALSE,FALSE,AMER,Financial Services,$1M+,Deluxe
Jacobs Group,517346.03,-3.43,1.59,10.68,0.43,bca1c594-2ae9-4043-8d6e-a719502b40b5,19ca8142-f7dc-4367-b2e3-7de505b9b237,FALSE,FALSE,EMEA,High Tech,$10k-$100k,Deluxe
"Boehm, Hackett and Heller",837619.76,47.87,27.44,30.49,0.23,bed17b7b-d710-45fc-9815-d1b9ee79d735,8b5e6b87-bfb3-4f78-a72e-67d8826695ca,FALSE,FALSE,AMER,Education,$1M+,Deluxe
Hartmann Inc,983492.24,61.96,39.14,54.47,0.81,84446bc3-f289-4e3e-9460-6d8770045472,6d9fbd48-af4c-4a22-b56f-b72f89805f94,FALSE,FALSE,AMER,High Tech,$100k-$1M,Deluxe
"Rath, Treutel and Lynch",1046275.92,99.07,76.48,43.89,0.82,f3aeb63e-9a44-42d6-a7be-c956f635b66d,6d79614b-149a-4704-a522-fba5c8d8d84e,FALSE,FALSE,EMEA,High Tech,$1M+,Deluxe
Rutherford LLC,466730.89,-6.76,20.49,14.48,0.48,8c3ec42a-42f8-4ec1-b167-16c3555814f3,30e9fd8d-2287-4243-ae2f-568e480e1ba6,FALSE,FALSE,AMER,Financial Services,$100k-$1M,Deluxe
Kuhlman and Sons,491101.7,21.89,87.72,48.3,0.28,77302279-f265-4033-b930-8a3f1dec56e8,0fbc23c3-6cc8-4db5-a99b-0746959306a7,FALSE,FALSE,AMER,High Tech,$100k-$1M,Deluxe
"Schamberger, Lakin and Ferry",298449.11,66.24,84.51,89.01,0.53,99d34644-c9ad-4931-8ab7-77d3fbc3f20f,a3a03be1-7dae-4f61-90ed-088b34151993,FALSE,FALSE,AMER,High Tech,$100k-$1M,Deluxe
Kuvalis-Sauer,98133.31,-24.24,22.49,82.31,0.25,f3aeb63e-9a44-42d6-a7be-c956f635b66d,c7b9dad0-6e35-45bc-aae5-6229eeec98fa,FALSE,FALSE,AMER,Construction,$100k-$1M,Deluxe
"Green, Lemke and Bahringer",1096756,-34.88,31.01,68.42,0.43,685e4cb1-c28f-4faa-a732-497579b32eb3,17e01327-2419-40d8-8505-db97465743a6,TRUE,FALSE,APAC,High Tech,$10k-$100k,Deluxe
Bahringer-Deckow,227375.23,-8.44,89.18,81.35,0.68,06d74387-6eff-4ed0-ac04-bdd627aa2f62,9fb4d785-3b67-480c-9a72-777cda5ee0e8,FALSE,FALSE,AMER,High Tech,$100k-$1M,Deluxe
Block Group,1327809.26,-89.94,47.67,30.75,0.6,96177598-22f4-437e-a887-1149a345469d,69ca6930-1420-477c-9428-973abad063ba,FALSE,FALSE,AMER,High Tech,$100k-$1M,Deluxe
Dach-Wisozk,460400.22,-55.55,71.84,35.93,0.03,50467c52-8aa7-4599-8ff9-da29f7e8a49d,f81e4826-1058-4816-9928-440beb0a26af,FALSE,FALSE,AMER,High Tech,$1M+,Deluxe
Weber-Schaefer,813497,-55.87,92.43,37.34,0.72,77302279-f265-4033-b930-8a3f1dec56e8,8257eeed-3300-4b93-ae89-937e70d96622,FALSE,FALSE,AMER,High Tech,$100k-$1M,Deluxe
"Haag, Rohan and Adams",658081.62,-27.11,77.65,63.08,0.28,a4b8e0e9-3e5d-404d-935b-4d7b043a8b69,2b9abba7-4a4b-416e-bf73-712830c6c14a,FALSE,FALSE,AMER,High Tech,$100k-$1M,Deluxe
"Schowalter, Abernathy and Larkin",657182.17,-0.05,3.31,60.15,0.69,685e4cb1-c28f-4faa-a732-497579b32eb3,9bc02146-5c5f-412f-bcdf-e62bef69be94,FALSE,FALSE,APAC,High Tech,$10k-$100k,Deluxe
Wuckert-Cronin,982416.57,-69.33,7.03,53.16,0.58,45f9cb65-5fcc-445c-a59d-2d98f1e1ab72,89962f7a-5ac7-4d08-8cf3-a444d3619d97,FALSE,FALSE,AMER,Financial Services,$1M+,Deluxe
"Kuphal, Cummings and Feil",1398399.88,24.22,55.64,17.59,0.85,50467c52-8aa7-4599-8ff9-da29f7e8a49d,356a729e-d9b1-4950-aca3-f5f9209dfbdf,FALSE,FALSE,AMER,High Tech,$1M+,Deluxe
"Renner, Gerhold and McClure",65501.9,-71.6,83.03,71.92,0.54,1b065394-aa6a-4acf-8d7e-bf88214d8eb9,34431261-6007-46c2-bc77-fbb652aa0790,FALSE,FALSE,EMEA,Financial Services,$1M+,Deluxe
"Osinski, Rolfson and Schinner",470655.87,4.1,7.28,43.74,0.13,50467c52-8aa7-4599-8ff9-da29f7e8a49d,aedf3800-ce7c-4a5a-954b-e9c463cf3fb2,FALSE,FALSE,EMEA,High Tech,$100k-$1M,Deluxe
Kunze Group,411578.23,-46.06,95.61,7.24,0.4,8c3ec42a-42f8-4ec1-b167-16c3555814f3,eea4a414-2200-4a5a-a808-9a546a73aae1,FALSE,FALSE,AMER,High Tech,$100k-$1M,Deluxe
"Pacocha, Gerhold and Borer",1029428.26,-68.52,92.44,80.52,0.18,8a80ce54-f95a-413f-a44a-d16a7852af95,e664a52d-d943-45f3-8d3a-cd602ec989a4,FALSE,FALSE,EMEA,Public Sector,$100k-$1M,Deluxe
Willms Inc,349267.06,90.05,88.38,83.34,0.81,9d71caf2-8532-41d5-92f0-7d8fe8124650,5f525ce6-b752-4abd-9501-784bcde534d0,FALSE,FALSE,EMEA,Public Sector,$1M+,Deluxe
Nader LLC,446132.59,86.47,32.3,50.48,0.64,0f58dd22-b50a-4cd5-a628-cebd7f5cbba7,77ceb0dc-3120-4c89-863b-ac8d36d32b6b,FALSE,FALSE,AMER,High Tech,$1M+,Deluxe
"Bartoletti, Davis and Boyer",1171287.42,15.7,85.74,58.71,0.78,7ddfdf70-10b4-4026-8705-066cb1c9ea9f,781d81c7-3679-4cf5-abec-9afba64b1738,FALSE,FALSE,AMER,High Tech,$1M+,Deluxe
Rempel-Lang,234958,-6,20.11,24.8,0.47,45f9cb65-5fcc-445c-a59d-2d98f1e1ab72,91ef4840-99f9-4dba-b961-6a465f3afe82,FALSE,FALSE,AMER,Public Sector,$1M+,Deluxe
"Lubowitz, Wisozk and Roob",707287.42,-14.46,56.01,51.12,0.69,8c3ec42a-42f8-4ec1-b167-16c3555814f3,53e81c16-32c0-4711-8ed0-9001a109b6c4,FALSE,FALSE,AMER,High Tech,$100k-$1M,Deluxe
Williamson Inc,206048.17,-7.75,27.36,49.39,0.71,96177598-22f4-437e-a887-1149a345469d,8152196d-bc05-4d63-9880-63ae4bfa14b3,FALSE,FALSE,AMER,Financial Services,$1M+,Deluxe
"Becker, Cremin and Sipes",1118750.72,78.34,8.75,9.49,0.32,83f2fe25-3bf3-42ed-994e-a57ac27adf2d,deed3ccb-1aa6-4cf3-9e46-b837da519c06,TRUE,FALSE,AMER,High Tech,$10k-$100k,Deluxe
Reichel and Sons,1187416.27,63.03,71.58,24.11,0.9,f3aeb63e-9a44-42d6-a7be-c956f635b66d,8687acda-a477-4ab3-be6a-7a91efa94c66,FALSE,FALSE,EMEA,High Tech,$100k-$1M,Deluxe
"Gutmann, Howe and Sporer",1136141.32,-3.81,78.1,7.21,0.65,0604ed68-52e9-4421-a0f2-bf2edded1c31,d3b3572f-d327-494c-9893-82a23a294e29,FALSE,TRUE,AMER,Construction,$100k-$1M,Deluxe
"Daugherty, Thiel and Kautzer",171203.38,-42.78,50.27,85.9,0.85,0f58dd22-b50a-4cd5-a628-cebd7f5cbba7,26d11447-c879-405b-b250-c9cf6bc96048,FALSE,FALSE,AMER,High Tech,$10k-$100k,Deluxe
Morissette-Greenholt,587145.8,-57.97,0.2,78.63,0.17,8a80ce54-f95a-413f-a44a-d16a7852af95,11c11fd0-1d9d-42d5-8bcc-bae689bbcd04,FALSE,FALSE,AMER,High Tech,$1-$1k,Deluxe
"Kling, Mosciski and Homenick",189494.26,29.82,23.52,21.56,0.64,8c3ec42a-42f8-4ec1-b167-16c3555814f3,3c625be8-5989-48d5-99a3-49163f2696d7,FALSE,FALSE,AMER,Education,$1k-$10k,Deluxe
Lang-Nikolaus,886123.54,-63.31,45.57,80.12,0.9,84446bc3-f289-4e3e-9460-6d8770045472,4c7f20e3-fd20-4fc5-b184-d7b243ca6ed9,FALSE,TRUE,APAC,High Tech,$100k-$1M,Deluxe
Beahan-Skiles,380468.6,21.1,94.74,83.76,0.57,2974450e-31e2-4b47-b00a-f266c6b0af44,9b11e943-6fc6-4a07-b423-0ee80f82b05b,FALSE,FALSE,AMER,Construction,$10k-$100k,Deluxe
"Roob, Roberts and Hane",846809.56,-92.33,74.07,0.71,0.55,c0413674-8fe0-4006-bc0b-ef40ccb0bb1d,6e2e54c3-5de1-4803-971f-4daae73b1c5c,FALSE,FALSE,AMER,Financial Services,$1M+,Deluxe
Sawayn and Sons,564367.52,54.09,95.83,22.75,0.35,06d74387-6eff-4ed0-ac04-bdd627aa2f62,22cbc349-3ebc-4b9f-b32a-6e6207c4e6ff,FALSE,FALSE,AMER,High Tech,$100k-$1M,Deluxe
Bashirian-Nader,64652.53,54.47,47.48,72.53,0.94,36d13d0d-15ae-47e4-a24c-ee186f323738,813abb21-7a80-48ae-9e17-9f3d1842cb11,FALSE,FALSE,AMER,Financial Services,$100k-$1M,Deluxe
Kihn-Ortiz,891610.07,24.34,71.15,60.67,0.45,0604ed68-52e9-4421-a0f2-bf2edded1c31,62595840-85c5-4ec2-93a4-e41bc0fc51c3,FALSE,FALSE,EMEA,High Tech,$1M+,Deluxe
O'Connell-Reichert,1251779,-69.56,40.46,8.57,0.45,31285581-0985-4375-955a-c8aa083183e3,518a4bc5-4aab-4df7-ad92-87030c2d3cae,FALSE,TRUE,EMEA,High Tech,$1M+,Deluxe
"Boyle, Olson and Cartwright",1236127.06,-83.79,81.41,11.49,0.75,8aa7eb72-d29b-4e06-8eb6-245b94e1fa6d,d5c0832b-4590-4f3c-b6df-ef1084c492bf,FALSE,FALSE,AMER,Education,$10k-$100k,Deluxe
"Rau, Bartell and Murray",775465.83,82.08,22.66,67.16,0.68,55fc9406-413f-4dff-aafe-5788922995f6,5700e795-09a7-4a54-993c-73c2812af812,FALSE,FALSE,EMEA,High Tech,$1M+,Deluxe
Zulauf-Harvey,205090.13,-86.44,42.83,40.61,0.73,36d13d0d-15ae-47e4-a24c-ee186f323738,71ae3fbc-b587-42ed-938c-84268bc4c81e,FALSE,FALSE,APAC,High Tech,$100k-$1M,Deluxe
Stanton-McGlynn,447398.57,49.28,64.8,56.75,0.64,4d9fd110-29be-4e2c-b44f-6e357d790472,37b6baf6-b1ab-49fd-8536-ee195ddd72ca,FALSE,FALSE,EMEA,Financial Services,$100k-$1M,Deluxe
Cassin-Abbott,882588.63,-51.81,96.66,28.9,0.1,8698f130-ab93-466a-9def-a10d2b115b7a,1f78bb53-e090-4463-8cc6-ec6bda64e876,FALSE,FALSE,EMEA,High Tech,$100k-$1M,Deluxe
Prohaska-Wolff,602729.19,-36.15,53.41,18.64,0.22,4d9fd110-29be-4e2c-b44f-6e357d790472,740548df-98c1-435a-88a8-18f7905873d9,TRUE,FALSE,AMER,Education,$1M+,Deluxe
Rosenbaum Inc,382610.58,-11.23,30.57,42.39,0.34,3e7298c3-1439-473c-bb12-62b6d411bfdc,9e1d2333-702f-446a-a5ba-5d6d2d26eb0a,FALSE,TRUE,AMER,Education,$100k-$1M,Deluxe
"Bogan, Hilll and Schiller",1149287.95,-99.24,17.89,13.1,0.45,173c4a99-a15c-47c6-a7bf-8feb2818fb0c,a940765a-3464-41fd-8fea-0c3e84fdb235,FALSE,FALSE,EMEA,Public Sector,$100k-$1M,Deluxe
Kub-Mante,1250865,99.62,17.78,97.77,0.88,0f58dd22-b50a-4cd5-a628-cebd7f5cbba7,f0b33f1f-10fc-4130-a21e-6704fb849ba8,FALSE,FALSE,AMER,Financial Services,$1M+,Deluxe
Schroeder LLC,554049.9,41.5,8.2,51.45,0.76,8a80ce54-f95a-413f-a44a-d16a7852af95,3ccd0c7e-96ba-49d8-b0ce-01913deba665,FALSE,FALSE,AMER,Education,$10k-$100k,Deluxe
Nienow Group,1449622,-32.31,88.92,71.49,0.46,7fa913bc-c3aa-48b6-a5a9-cb940a98c93d,bcfda173-c144-4673-93a9-86e7dcd9cf73,TRUE,FALSE,APAC,High Tech,$1M+,Deluxe
"Mosciski, Crona and Gusikowski",1479805.15,39.04,42.76,36.87,0.89,83f2fe25-3bf3-42ed-994e-a57ac27adf2d,a47b80b2-f181-4268-99f5-5b71c44a3922,FALSE,FALSE,EMEA,High Tech,$100k-$1M,Deluxe
Shanahan Inc,145081.22,66.45,59.7,61.27,0.5,0604ed68-52e9-4421-a0f2-bf2edded1c31,5fb10bda-df0f-40a1-9846-c17787f79043,FALSE,FALSE,EMEA,High Tech,$10k-$100k,Deluxe
Heidenreich Inc,913810.72,-78.4,8.98,79.64,0.84,96177598-22f4-437e-a887-1149a345469d,bbd0f83b-6bbb-4cc1-9eb0-ad071f385827,FALSE,FALSE,AMER,High Tech,$1M+,Deluxe
Macejkovic Group,991692.05,24.31,59.09,22.64,0.51,6e66a9bb-d61e-4396-aa58-b480001ee3e7,51259278-0940-4099-bf8c-89e7081c197f,FALSE,FALSE,AMER,High Tech,$100k-$1M,Deluxe
Buckridge and Sons,562162.17,14.08,83.56,57.63,0.85,19f9ce82-d969-467a-868d-c28d3df58623,fb3ca892-5932-4ce4-ad8c-92765ce02abe,FALSE,TRUE,AMER,High Tech,$1M+,Deluxe
"Pfeffer, Aufderhar and Haag",209486.99,66.28,8.3,93.35,0.87,6e66a9bb-d61e-4396-aa58-b480001ee3e7,465bb4f1-0a70-4653-ae13-e7d19f59e79d,FALSE,FALSE,EMEA,High Tech,$10k-$100k,Deluxe
Fisher-Keebler,1419939.73,-83.94,56.34,72.59,0.66,0604ed68-52e9-4421-a0f2-bf2edded1c31,93867c81-8606-493a-9bd9-bc7547f4ee7c,FALSE,FALSE,EMEA,High Tech,$100k-$1M,Deluxe
"Predovic, Smith and Goodwin",638151.22,86.1,67.49,53.45,0.07,6e66a9bb-d61e-4396-aa58-b480001ee3e7,341bb619-6a84-476e-8193-e1b5ab4ab564,FALSE,FALSE,AMER,High Tech,$1M+,Deluxe
"Quitzon, Ziemann and Purdy",111361.39,-34.76,5.68,22.64,0.51,685e4cb1-c28f-4faa-a732-497579b32eb3,028857ab-77b8-4647-b5c6-0c2656620378,FALSE,FALSE,AMER,High Tech,$1M+,Deluxe
Heaney-Padberg,970066.23,-20.64,0.97,0,0,1b065394-aa6a-4acf-8d7e-bf88214d8eb9,22b0e963-653f-402d-a531-15896d332057,FALSE,FALSE,AMER,Education,$0,None
Donnelly-Harber,59684.31,37.22,53.13,0,0,c0413674-8fe0-4006-bc0b-ef40ccb0bb1d,be2ee05a-5634-48c2-8655-bcb07cac98ab,FALSE,FALSE,AMER,High Tech,$0,None
Johns-Becker,461946.34,22.46,83.32,0,0,0f58dd22-b50a-4cd5-a628-cebd7f5cbba7,4a96a45a-6b62-4fe5-baff-d0bd5ef743ef,FALSE,FALSE,AMER,High Tech,$0,None
Willms-Bernier,1209979.58,25.6,55.69,0,0,bed17b7b-d710-45fc-9815-d1b9ee79d735,65b90e92-3a3e-42fc-a727-fd8b7ceede8c,FALSE,FALSE,AMER,High Tech,$0,None
"Kohler, Mosciski and Will",106976.1,61.51,23.24,0,0,1016e11a-1c7c-4c1b-aa25-fdb801dcd7be,b8f6fcfb-e781-4926-a5a2-e6e6cec39283,FALSE,FALSE,EMEA,High Tech,$0,None
Gaylord-Altenwerth,1178471.02,-56.65,17.39,0,0,99d34644-c9ad-4931-8ab7-77d3fbc3f20f,1cab0fdf-5e48-434c-b6c2-5a5479d492f4,FALSE,FALSE,AMER,Financial Services,$0,None
"Wolff, Huels and Hagenes",988758.96,74.46,78.13,0,0,31285581-0985-4375-955a-c8aa083183e3,3a515b6e-2409-478c-89b3-04d8d49e4eca,FALSE,FALSE,AMER,Public Sector,$0,None
"Johnson, Carter and Mueller",1074084.44,-68.05,94.28,0,0,4becb6cd-dc94-4ebf-86ab-fd4c7f10b188,9348b5d9-f470-476e-83b9-8cded19986ad,FALSE,FALSE,AMER,High Tech,$0,None
Boyle-Beer,521769,36.71,80.99,0,0,84446bc3-f289-4e3e-9460-6d8770045472,2d4bfc04-1274-40b4-9caa-7e3aa4ee9772,FALSE,FALSE,AMER,Financial Services,$0,None
"Maggio, Romaguera and Runolfsson",1063810.56,-82.7,72.4,0,0,8a80ce54-f95a-413f-a44a-d16a7852af95,fcf932b9-ee8d-433a-a32f-225405eee851,FALSE,FALSE,AMER,High Tech,$0,None
"Smith, Bode and Moore",71698.71,-1.51,70.54,0,0,bed17b7b-d710-45fc-9815-d1b9ee79d735,d115bb1e-b801-4ec4-b122-157946d2e319,FALSE,FALSE,AMER,High Tech,$0,None
Cronin LLC,295889.47,64.69,28.51,0,0,a4b8e0e9-3e5d-404d-935b-4d7b043a8b69,58493a81-f5ab-4327-b78c-9f5ccd0fb3a4,FALSE,FALSE,AMER,High Tech,$0,None
"Mayer, O'Keefe and Johns",686790.85,59.98,35.14,0,0,50ceab5c-4675-4694-b578-395c94a3dad6,87dcaffe-bcd2-4f6a-8cb6-ffa56560cad5,FALSE,TRUE,AMER,High Tech,$0,None
Bernhard-Hirthe,696948.34,-0.64,28.27,0,0,77302279-f265-4033-b930-8a3f1dec56e8,4336bcd4-5f51-4144-98fe-9a2219353951,FALSE,FALSE,AMER,High Tech,$0,None
"Cummings, Lynch and Dicki",1283235,92.88,7.23,0,0,45f9cb65-5fcc-445c-a59d-2d98f1e1ab72,a6228ed8-a374-4b6c-8179-72c7d1b3e0e9,FALSE,FALSE,EMEA,High Tech,$0,None
"Murray, VonRueden and Witting",88302.5,-87.2,56.89,0,0,060359e3-93d3-4f9f-98c5-fa204d2c1501,f72614bb-996f-4d6b-b6c8-132c677dfa70,FALSE,FALSE,AMER,High Tech,$0,None
"Frami, Reichel and Powlowski",332910.19,77.45,49.43,0,0,6e66a9bb-d61e-4396-aa58-b480001ee3e7,249dfc30-d0f5-459f-8e54-7f168e7f92bf,FALSE,FALSE,EMEA,High Tech,$0,None
Feil and Sons,1051908.57,79.23,29.31,0,0,0cc81865-cc30-4b25-bb67-10cac4e78e48,a42ad92c-a6d1-4fb5-b74a-f6dc5a28ffcc,FALSE,FALSE,EMEA,High Tech,$0,None
Rath Group,230985.56,79.58,4.26,0,0,6e66a9bb-d61e-4396-aa58-b480001ee3e7,89236dd3-8f00-4764-a52f-86d79348d39d,FALSE,FALSE,AMER,High Tech,$0,None
Johnston Group,571653.98,97.26,1.85,0,0,50ceab5c-4675-4694-b578-395c94a3dad6,860ea7de-279c-4a2e-88a1-2ed3bc16efe1,FALSE,FALSE,AMER,Education,$0,None
Braun Inc,204363.92,45.76,27.76,0,0,6a9c9b9d-12a1-4514-8906-bcaad926c491,80930c00-9e5d-4694-b249-0075b357161f,FALSE,FALSE,AMER,High Tech,$0,None
"Hirthe, Howell and Weber",556585.23,-26.78,6.2,0,0,4b840e76-ded7-4867-8468-488fb1bcdb37,9a0682ef-7545-4dde-88c0-55bdd12aa727,FALSE,FALSE,AMER,High Tech,$0,None
Schowalter LLC,1251910.04,83.14,2.13,0,0,bca1c594-2ae9-4043-8d6e-a719502b40b5,bd672085-7eaf-45f6-8b8e-9eb5e5fc01e0,FALSE,FALSE,EMEA,High Tech,$0,None
Schmeler and Sons,1175850.29,94.44,77.09,0,0,173c4a99-a15c-47c6-a7bf-8feb2818fb0c,52ebecd4-29fb-4de7-a8bf-33dd287a2035,FALSE,FALSE,AMER,High Tech,$0,None
"Von, McKenzie and Halvorson",956429.29,-99.33,5.31,0,0,bed17b7b-d710-45fc-9815-d1b9ee79d735,a963aa4a-d3da-46ba-aabf-5eea6ba70a4b,FALSE,FALSE,AMER,High Tech,$0,None
Ruecker-Hilll,1171347,-90.74,49.55,0,0,3e7298c3-1439-473c-bb12-62b6d411bfdc,326dcdfc-1629-434a-a115-b1419c62be42,FALSE,FALSE,AMER,High Tech,$0,None
"Gislason, Roob and Leffler",645141.52,-23.22,84.71,0,1,bed17b7b-d710-45fc-9815-d1b9ee79d735,0f533e42-42c7-422b-ab96-4ac937f7047b,FALSE,FALSE,AMER,Public Sector,$0,None
Nienow Group,727163.68,83.66,42.5,0,0,8c3ec42a-42f8-4ec1-b167-16c3555814f3,b14cf1fa-7b22-4e91-908f-c7a710de133b,FALSE,FALSE,APAC,Financial Services,$0,None
"Daugherty, Bayer and Olson",1279396.11,11.47,33.66,0,0,4d1c0d0b-0a58-45be-891b-98d9b140eb3e,170d1b27-49f9-45b8-9668-cdcb0066ff74,FALSE,FALSE,APAC,High Tech,$0,None
"Mann, Gutmann and Halvorson",1268197.83,-84.72,45.64,0,0,77302279-f265-4033-b930-8a3f1dec56e8,13eca6ee-04cc-4246-b2b2-c78811727d1d,FALSE,FALSE,AMER,High Tech,$0,None
"Carroll, Hartmann and Wilkinson",1371071.67,-99.92,10.87,0,0,7efa9e84-9011-4762-9984-d2b5e7de32ff,8d3e92fc-ca8e-434a-8972-57792dbd9b6a,FALSE,FALSE,AMER,High Tech,$0,None
"Goyette, Blanda and Brakus",1213201.9,-50.5,47.03,0,0,45f9cb65-5fcc-445c-a59d-2d98f1e1ab72,d4089a65-5e92-4a4d-a5fa-26e0283436eb,FALSE,FALSE,AMER,Financial Services,$0,None
"Reinger, Conroy and Mitchell",389418.94,14.45,37.11,0,0,a4b8e0e9-3e5d-404d-935b-4d7b043a8b69,754d9e5a-626b-4c61-a0b4-94a9a5ae2a10,FALSE,FALSE,AMER,Education,$0,None
Considine-Oberbrunner,1155859.64,-41.1,75.71,0,0,bed17b7b-d710-45fc-9815-d1b9ee79d735,d72bc4fa-9498-4580-8afa-64f413be22ea,TRUE,FALSE,EMEA,Financial Services,$0,None
"O'Conner, Mueller and Zulauf",519425.52,75.82,0,0,0,a4b8e0e9-3e5d-404d-935b-4d7b043a8b69,cf7e4378-6a00-411b-9bfb-9ad9de42c66e,FALSE,FALSE,AMER,High Tech,$0,None
"Cruickshank, McKenzie and Mertz",841967.44,91.19,51.24,0,0,19f9ce82-d969-467a-868d-c28d3df58623,e5e76bc1-905a-4f55-a1bc-01f9158442c0,FALSE,TRUE,AMER,High Tech,$0,None
"Reinger, Morar and Heaney",1400949.81,-87.8,59.65,0,0,99d34644-c9ad-4931-8ab7-77d3fbc3f20f,73514ff1-f2fc-4db8-9640-cb3e01056119,FALSE,FALSE,EMEA,High Tech,$0,None
Bernier-Schumm,1494306,65.97,63.1,0,0,0cc81865-cc30-4b25-bb67-10cac4e78e48,163eef6a-4a0b-41bd-964f-d279921f8a47,FALSE,FALSE,AMER,Public Sector,$0,None
Rohan Inc,1327266.29,-90.66,61.54,0,0,4b026491-da38-491e-9603-f5847ffc73e5,5776425c-9d06-438f-8cce-2f3f9ca4608b,FALSE,FALSE,EMEA,High Tech,$0,None
Dickinson Inc,368730.72,12.77,43.47,0,0,50ceab5c-4675-4694-b578-395c94a3dad6,ad8d1d97-d99b-4230-a7a0-7359cfe91453,TRUE,FALSE,AMER,High Tech,$0,None
Bartell and Sons,1103377.11,42.45,42.64,0,0,fdae518c-59dc-4eed-b8fa-e283a6696df9,7905ae80-e98d-4323-add4-b7eab06fbd27,FALSE,FALSE,EMEA,High Tech,$0,None
"Blanda, Hudson and Hansen",743312.61,-51.7,87.97,0,0,685e4cb1-c28f-4faa-a732-497579b32eb3,6171c267-3a54-4a40-b7bc-bdb2a6f05f4a,FALSE,FALSE,AMER,Education,$0,None
"Legros, Schmidt and Heidenreich",1120306.51,-4.6,9.36,0,0,9552287d-d048-48d9-a4be-d46f6c6e1450,9111dfdd-7adc-44ee-bcda-f7dc1fbd23c9,FALSE,FALSE,AMER,High Tech,$0,None
"Lowe, Anderson and Wolff",1161164.61,-61.56,44.64,0,0,8a80ce54-f95a-413f-a44a-d16a7852af95,830a3e4e-482d-4e1c-ae6a-a2cfa0de0051,FALSE,FALSE,EMEA,High Tech,$0,None
Sanford Inc,1408100.41,88.51,57.74,0,0,060359e3-93d3-4f9f-98c5-fa204d2c1501,0849c5ea-2810-4423-992c-14b86daca023,FALSE,FALSE,AMER,Financial Services,$0,None
Yost and Sons,296243.33,98.82,61.54,0,0,06d74387-6eff-4ed0-ac04-bdd627aa2f62,eeee3fd9-4c2d-4a37-82ee-8c475dd13ab5,FALSE,FALSE,AMER,High Tech,$0,None
D'Amore-Satterfield,1460677,75.69,79.54,0,0,4becb6cd-dc94-4ebf-86ab-fd4c7f10b188,af85d3fd-eb7c-4e81-90d3-a8afe43368f9,FALSE,FALSE,AMER,Construction,$0,None
Rosenbaum-Sawayn,585543.54,-14.67,57.56,0,0,99d34644-c9ad-4931-8ab7-77d3fbc3f20f,dfefe0b0-cdfd-4e58-a9cd-09206af4b47c,FALSE,FALSE,APAC,High Tech,$0,None
Keeling-Considine,1122607.35,-58.38,27.1,0,0,4b840e76-ded7-4867-8468-488fb1bcdb37,75ccb6ee-68d8-49b0-bafa-c40a431f26bf,FALSE,FALSE,AMER,High Tech,$0,None
Kshlerin-Rolfson,19307.48,44.42,20.67,0,0,19f9ce82-d969-467a-868d-c28d3df58623,c68d7c6e-7022-4705-8ac1-9ba2a628c0df,FALSE,FALSE,AMER,Financial Services,$0,None
"Langosh, Harris and Stracke",1420494.11,50.73,58.5,0,0,36d13d0d-15ae-47e4-a24c-ee186f323738,e0994168-ecc3-47f3-93ea-26cb32c1e814,FALSE,FALSE,AMER,High Tech,$0,None
"Gerlach, Rempel and Trantow",647919.12,62.08,77.92,39.9,0.52,531d5b30-c9aa-46ed-9190-5b57a76000d1,80493951-1f78-4eca-bf53-8f33e7e86741,FALSE,FALSE,AMER,High Tech,$100k-$1M,Premier
"Rath, Conroy and Volkman",11415.37,-44.58,5.94,55.97,0.66,77302279-f265-4033-b930-8a3f1dec56e8,5f8676ec-a595-46de-97ca-b73829133e25,FALSE,FALSE,EMEA,Public Sector,$1-$1k,Premier
Sanford Inc,246126.4,-43.26,46.34,16.36,0.96,531d5b30-c9aa-46ed-9190-5b57a76000d1,47671e41-b857-4dc3-8434-55f68e92c6c0,FALSE,FALSE,APAC,Financial Services,$1k-$10k,Premier
"Windler, Nolan and Schuppe",1450508.41,24.7,79.75,26.87,0.92,108767c6-04f6-4eb0-97de-172825ba3900,62609170-4fdb-41c3-907c-d68a81145b9a,FALSE,FALSE,AMER,Public Sector,$1k-$10k,Premier
"Yost, Ortiz and Ritchie",547506.23,9.21,55.2,21.13,0.26,0f58dd22-b50a-4cd5-a628-cebd7f5cbba7,43ade3f6-a7f4-4e16-992a-638c74a9c12c,FALSE,FALSE,EMEA,High Tech,$1-$1k,Premier
Powlowski-Lueilwitz,26703.1,-26.15,11.87,59.55,0.65,533e079e-c2cf-4537-bcbc-d92700df894a,03583754-6be2-4a83-a1ba-017748bdd7e1,FALSE,FALSE,AMER,High Tech,$1-$1k,Premier
Oberbrunner-White,625586,33.32,46.94,2.19,0.9,4b840e76-ded7-4867-8468-488fb1bcdb37,caec65b1-730b-479c-ab6d-db47ef8e7594,FALSE,FALSE,AMER,High Tech,$1-$1k,Premier
"Dietrich, Robel and Hudson",505327.36,-69.78,95.68,62.53,0.92,6a9c9b9d-12a1-4514-8906-bcaad926c491,2a521643-d5e1-4141-8fa1-46c04bdba0b5,FALSE,FALSE,EMEA,Public Sector,$1-$1k,Premier
"Schiller, Emard and Connelly",531549.81,48.72,27.21,78.3,0.01,531d5b30-c9aa-46ed-9190-5b57a76000d1,84e805df-1354-4011-bbe6-0448822bd8d2,FALSE,FALSE,AMER,Education,$1k-$10k,Premier
Green-Mills,736077.96,-55.47,42.13,82.11,0.13,50467c52-8aa7-4599-8ff9-da29f7e8a49d,557dce08-c933-4733-ae71-c8586093dd26,FALSE,FALSE,APAC,High Tech,$1-$1k,Premier
Kuhn-Considine,215294.34,-87.76,6.32,20.38,0.26,1016e11a-1c7c-4c1b-aa25-fdb801dcd7be,e1daf265-17ec-4860-9fee-41fb3b0bef23,FALSE,FALSE,AMER,Education,$100k-$1M,Premier
Smitham-Weimann,155955.19,-18.36,8.92,20.26,0.97,6a9c9b9d-12a1-4514-8906-bcaad926c491,23c1f22b-8b8b-4847-99f2-8e9e09511866,FALSE,TRUE,EMEA,Education,$10k-$100k,Premier
Considine-Pacocha,600518.09,-91.83,12.56,77.15,0.66,96177598-22f4-437e-a887-1149a345469d,f5f5b208-3c5b-4234-a961-052942ea17ce,FALSE,FALSE,EMEA,Education,$1k-$10k,Premier
"Paucek, Langworth and Koepp",868071.99,-14.33,7.84,9.46,0.07,96177598-22f4-437e-a887-1149a345469d,033ab46e-b025-4e89-80eb-86e318c8067d,FALSE,FALSE,AMER,High Tech,$100k-$1M,Premier
Kunde-Gaylord,1406685.44,83.01,5.49,4.69,0.24,3e7298c3-1439-473c-bb12-62b6d411bfdc,6acbb0d4-099c-4e93-9024-77e11717ffa8,FALSE,FALSE,APAC,High Tech,$1k-$10k,Premier
"Abshire, O'Conner and Stracke",1413535.66,-45.1,72.66,56.33,0.38,4becb6cd-dc94-4ebf-86ab-fd4c7f10b188,3fa7acc9-6ec7-4151-bd48-a7f136a4d836,FALSE,FALSE,AMER,Financial Services,$100k-$1M,Premier
Casper and Sons,898632.71,-73.8,32.39,94,0.81,8a80ce54-f95a-413f-a44a-d16a7852af95,6ec924eb-3719-4774-ac63-2e0b468abc6d,FALSE,FALSE,AMER,Public Sector,$1k-$10k,Premier
Swaniawski Inc,288166.18,2.48,31.41,51.23,0.5,0604ed68-52e9-4421-a0f2-bf2edded1c31,bff1c3d5-228b-429b-8adb-16c421248179,FALSE,FALSE,EMEA,High Tech,$1k-$10k,Premier
Wiza Inc,119296.92,39.9,62.51,34.32,0.13,0cc81865-cc30-4b25-bb67-10cac4e78e48,c61ab695-d385-4b31-9061-5d9ae8df3980,TRUE,FALSE,AMER,Financial Services,$10k-$100k,Premier
"Runolfsdottir, Kulas and Blick",514955.96,-21.36,61.72,51.39,0.24,060359e3-93d3-4f9f-98c5-fa204d2c1501,d8666692-dfe2-4c37-9815-e1e92a1809be,FALSE,FALSE,AMER,Financial Services,$1-$1k,Premier
Wolf Inc,1165573.06,-93.19,90.3,93.15,0.85,8aa7eb72-d29b-4e06-8eb6-245b94e1fa6d,fd319810-8c40-4135-a895-7a7d6c725a43,FALSE,FALSE,EMEA,High Tech,$1k-$10k,Premier
"Reichert, Collins and Thiel",282100.07,-24.67,60.8,50.52,0.01,8aa7eb72-d29b-4e06-8eb6-245b94e1fa6d,81350527-5e37-4c11-9905-76cf4f416816,FALSE,FALSE,EMEA,Public Sector,$10k-$100k,Premier
O'Hara LLC,794950.12,-60.48,35.57,85.41,0.59,06d74387-6eff-4ed0-ac04-bdd627aa2f62,419608b0-1111-4be5-a6b2-f39a56f2a72d,FALSE,FALSE,AMER,Financial Services,$1k-$10k,Premier
Funk Group,1428942.99,68.45,29.05,13.36,0.68,685e4cb1-c28f-4faa-a732-497579b32eb3,3655f1ea-1091-4903-b4db-aeb7eccb8a6f,FALSE,FALSE,EMEA,High Tech,$10k-$100k,Premier
"DuBuque, Pagac and Schamberger",1252950.91,-83.11,56.73,72.99,0.79,50ceab5c-4675-4694-b578-395c94a3dad6,9a7614ff-3832-493b-b87c-903cb0c4d5ad,FALSE,FALSE,AMER,High Tech,$10k-$100k,Premier
"Hayes, Medhurst and Lueilwitz",1017419.24,-33.33,34.01,60.28,0.79,4d1c0d0b-0a58-45be-891b-98d9b140eb3e,1b840309-c3fb-4168-90b2-c6a6c3346a92,FALSE,FALSE,AMER,High Tech,$1k-$10k,Premier
Kunze Inc,553363.57,15.65,32.52,83.07,0.03,55fc9406-413f-4dff-aafe-5788922995f6,6c9d6971-0125-4830-88e7-d1ae25fe8b95,FALSE,TRUE,AMER,Financial Services,$100k-$1M,Premier
"Langosh, Hirthe and Beatty",618353.04,7.14,31.71,51.79,0.65,50467c52-8aa7-4599-8ff9-da29f7e8a49d,12448083-b548-4573-8565-96cd07d77903,FALSE,FALSE,EMEA,High Tech,$1k-$10k,Premier
Hintz Inc,412053.63,7.68,66.95,25.87,0.61,55fc9406-413f-4dff-aafe-5788922995f6,1d58fcf1-08fa-4594-8b41-8fc5c9ac2e35,FALSE,TRUE,AMER,Public Sector,$1k-$10k,Premier
"Terry, Stokes and Donnelly",506084,-82.95,64.49,86.16,0.9,108767c6-04f6-4eb0-97de-172825ba3900,fcda5777-54e9-48c3-ae99-4f54f390b4e5,FALSE,FALSE,APAC,High Tech,$1-$1k,Premier
"Kshlerin, Rutherford and Barrows",863056.46,62.6,32.54,56.3,0.04,7efa9e84-9011-4762-9984-d2b5e7de32ff,16847a70-0030-4dbe-aa9b-40cbda378a52,FALSE,FALSE,AMER,High Tech,$1-$1k,Premier
Toy-Hayes,1189315.38,98.35,39.19,3.34,0.09,50467c52-8aa7-4599-8ff9-da29f7e8a49d,5251d214-804f-41db-9f7f-bea58c901616,FALSE,FALSE,EMEA,Public Sector,$1k-$10k,Premier
"Bruen, Gleichner and Trantow",297501.28,91.18,7.08,40.62,0.13,bca1c594-2ae9-4043-8d6e-a719502b40b5,d3d30c49-f2a0-4cce-8677-0a16d1e89851,FALSE,FALSE,AMER,High Tech,$10k-$100k,Premier
Trantow-Toy,656703.88,40.17,4.18,3.2,0.55,bed17b7b-d710-45fc-9815-d1b9ee79d735,06e50458-a464-48f7-b157-66307da5d0c8,FALSE,FALSE,AMER,High Tech,$1-$1k,Premier
Runte-Beahan,388346.26,47.85,56.78,69.45,0.21,f3aeb63e-9a44-42d6-a7be-c956f635b66d,9ed03967-a861-4955-912d-5add6813556d,FALSE,FALSE,AMER,High Tech,$1-$1k,Premier
Towne Inc,706349.97,15.82,7.62,44.96,0.14,a4b8e0e9-3e5d-404d-935b-4d7b043a8b69,d853f351-f28b-4f28-b465-f50523934c49,FALSE,FALSE,EMEA,Construction,$10k-$100k,Premier+
Keebler-Prosacco,1051894.16,3.76,14.79,86.56,0.38,84446bc3-f289-4e3e-9460-6d8770045472,90a46de3-5ac0-478c-b9a6-981d955faa42,FALSE,FALSE,AMER,Financial Services,$100k-$1M,Premier+
"Abernathy, Haag and Koch",1153082,-60.56,39.89,36.33,0.47,8a80ce54-f95a-413f-a44a-d16a7852af95,e6ec06f5-5da8-46c2-b6ff-70edf56b715a,FALSE,FALSE,AMER,High Tech,$100k-$1M,Premier+
Corkery LLC,747272.83,-61.95,8.28,94.14,0.14,1b065394-aa6a-4acf-8d7e-bf88214d8eb9,ede5cec0-e82e-4d05-8e3a-5e5720487256,FALSE,FALSE,AMER,High Tech,$10k-$100k,Premier+
Klocko-Schimmel,27602.43,22.9,3.68,24.8,0.38,45f9cb65-5fcc-445c-a59d-2d98f1e1ab72,fb59612d-1c92-498a-a7aa-46219c447c47,FALSE,FALSE,AMER,High Tech,$100k-$1M,Premier+
Funk Inc,27062.1,0.7,72.7,26.95,0.75,8ac2ca17-5bc2-4150-a735-613c1a10bc0e,f4b212ef-791f-4ea4-8a83-1a34046276f4,FALSE,FALSE,AMER,High Tech,$100k-$1M,Premier+
"Turner, Wyman and Kozey",708941.64,-51.09,35.62,11.66,0.95,8aa7eb72-d29b-4e06-8eb6-245b94e1fa6d,19ac5994-3884-4e1a-9972-b003ecb2de31,FALSE,FALSE,EMEA,High Tech,$1-$1k,Premier+
Gorczany and Sons,346185.01,-52.75,63.09,92.04,0.73,84446bc3-f289-4e3e-9460-6d8770045472,2f58a6c6-d086-435a-a189-f04303606dd1,FALSE,FALSE,AMER,High Tech,$10k-$100k,Premier+
Kirlin-Roberts,1313827.63,-54.84,29.74,14.4,0.78,83f2fe25-3bf3-42ed-994e-a57ac27adf2d,8f175ace-95ad-45a5-8165-67913f8defd7,FALSE,FALSE,AMER,High Tech,$10k-$100k,Premier+
Wisoky-Kris,55944.94,-38.35,28.36,72.71,0.83,3e7298c3-1439-473c-bb12-62b6d411bfdc,96da9db6-251b-4964-a608-ff44ce45b74e,FALSE,FALSE,AMER,High Tech,$10k-$100k,Premier+
Hegmann-Kshlerin,375940.66,-11.56,2.78,63.98,0.04,7ddfdf70-10b4-4026-8705-066cb1c9ea9f,1322242f-0106-4515-a455-ea94d4c9ca8d,FALSE,FALSE,AMER,Public Sector,$1M+,Premier+
Heaney LLC,555672.16,-41.02,8.2,62.82,0.56,2974450e-31e2-4b47-b00a-f266c6b0af44,5035825a-e7ff-4d96-97de-d32e80cd1ff6,FALSE,FALSE,EMEA,Financial Services,$1M+,Premier+
Will Group,922551,-98.92,80.19,74.5,0.03,bed17b7b-d710-45fc-9815-d1b9ee79d735,644fbb9e-ab75-4620-8c31-187d36a4c860,FALSE,FALSE,APAC,High Tech,$100k-$1M,Premier+
Koch-Orn,839474.81,-42.93,57.32,82.17,0.05,1e034158-d133-4386-876e-15c9e3094967,93fcaae0-223f-4390-8fe3-a71a813ee04a,FALSE,FALSE,AMER,High Tech,$10k-$100k,Premier+
Morissette Group,727909.57,-81.87,10.52,39.67,0.95,8ac2ca17-5bc2-4150-a735-613c1a10bc0e,c47b8a5c-88bd-49ea-8b92-61dff5ac0fc7,FALSE,FALSE,AMER,High Tech,$100k-$1M,Premier+
Monahan-Kemmer,1169445,70.34,44.17,63.05,0.77,99d34644-c9ad-4931-8ab7-77d3fbc3f20f,c1e9789b-f53e-4d45-aba4-b13835ccb813,FALSE,FALSE,AMER,Financial Services,$1k-$10k,Premier+
Renner-Hackett,1482497.98,-30.44,55.06,75.73,0.88,77302279-f265-4033-b930-8a3f1dec56e8,e0f7c3c0-dc69-4677-ae9c-dcf5a3faa9ca,FALSE,FALSE,EMEA,High Tech,$100k-$1M,Premier+
Williamson-Bayer,65472.84,37.12,18.67,90.03,0.23,06d74387-6eff-4ed0-ac04-bdd627aa2f62,708918c6-7f77-42d8-8747-f228d956263a,FALSE,FALSE,AMER,High Tech,$1M+,Premier+
"Johnston, Windler and Brakus",1471444.62,85.17,47.6,66.93,0.92,fdae518c-59dc-4eed-b8fa-e283a6696df9,12b4a45f-098e-49fd-be1b-572851652d96,FALSE,FALSE,EMEA,High Tech,$1-$1k,Premier+
"Lynch, O'Connell and Goodwin",541983.67,-70.51,58.52,15.78,0.02,f3aeb63e-9a44-42d6-a7be-c956f635b66d,e82ae74f-dd8d-45dd-9a57-569345eb6079,FALSE,FALSE,EMEA,High Tech,$1M+,Premier+
"Borer, Wolf and Pfannerstill",587562.23,-80.9,43.95,53.03,0.6,8ac2ca17-5bc2-4150-a735-613c1a10bc0e,1bd0a04c-a37a-4534-b749-066e247b79a6,FALSE,FALSE,AMER,Financial Services,$100k-$1M,Premier+
Schroeder-O'Reilly,817481.28,-89.55,80.96,74.58,0.83,1b065394-aa6a-4acf-8d7e-bf88214d8eb9,425817f3-7874-4755-baf7-3467d306334d,FALSE,FALSE,EMEA,Financial Services,$10k-$100k,Premier+
Kuphal LLC,932505,-69.9,40.78,66.34,0.84,84446bc3-f289-4e3e-9460-6d8770045472,ff0ffe90-3330-4c6c-bc0c-fcdbd084fac3,FALSE,FALSE,AMER,High Tech,$10k-$100k,Premier+
"Keebler, Dach and Pagac",1081018.8,-13.87,30.86,14,0.63,36d13d0d-15ae-47e4-a24c-ee186f323738,4ea372e6-0da7-439b-be92-628b6c017b0d,FALSE,FALSE,EMEA,High Tech,$1M+,Premier+
Flatley-Hickle,104954.47,-0.64,38.12,27.2,0.39,8aa7eb72-d29b-4e06-8eb6-245b94e1fa6d,d42efbf3-b99b-409a-a6a7-7a6894aa3f1c,FALSE,FALSE,APAC,High Tech,$10k-$100k,Premier+
Bechtelar and Sons,1115341.87,88.63,25.63,95,0.4,8ac2ca17-5bc2-4150-a735-613c1a10bc0e,59208e1f-bd33-49aa-9baa-5fd19da7def8,FALSE,FALSE,AMER,High Tech,$100k-$1M,Premier+
Krajcik-Mohr,388314.99,-8.1,56.17,53.1,0.09,96177598-22f4-437e-a887-1149a345469d,03bbd4c3-b468-49fe-8fab-3aeb999090fe,FALSE,FALSE,AMER,Financial Services,$100k-$1M,Premier+
"Mann, Corwin and Kassulke",580139,0.49,95.57,64.59,0.04,4d1c0d0b-0a58-45be-891b-98d9b140eb3e,5b92ac3c-43b4-4aee-9dcd-f25acf19a077,FALSE,FALSE,AMER,High Tech,$100k-$1M,Premier+
Turcotte-Stanton,1232044.02,5.87,77.03,90.36,0.5,2974450e-31e2-4b47-b00a-f266c6b0af44,9ceacfb4-c511-41da-bcdd-19c7d0c079f1,FALSE,FALSE,AMER,High Tech,$10k-$100k,Premier+
Auer-Bergnaum,607438.09,57.06,21.1,0.26,0.19,173c4a99-a15c-47c6-a7bf-8feb2818fb0c,b5b62197-71af-4a54-92be-92fc5bedb270,FALSE,FALSE,AMER,Public Sector,$1M+,Premier+
McLaughlin-Hirthe,43026.8,-6.78,47.77,58.17,0.47,1b065394-aa6a-4acf-8d7e-bf88214d8eb9,609e4263-1b2e-4238-b3e8-f2e47ac4e20e,FALSE,FALSE,AMER,High Tech,$100k-$1M,Premier+
Heidenreich Group,312246.07,40.2,3.03,96.08,0.96,108767c6-04f6-4eb0-97de-172825ba3900,68c11af1-bc5d-4dee-8755-1feb3ec336c4,FALSE,FALSE,AMER,High Tech,$100k-$1M,Premier+
Runte-Rutherford,1228020.44,-65.88,65.82,24.51,0.22,6a9c9b9d-12a1-4514-8906-bcaad926c491,effcb636-2812-42b8-89b5-116bbfd2a8d0,FALSE,FALSE,EMEA,Financial Services,$10k-$100k,Premier+
Ratke Group,1230275.53,6.61,27.21,86.99,0.18,f3aeb63e-9a44-42d6-a7be-c956f635b66d,d5e88e37-b9ee-4ab7-a644-bff22d033087,TRUE,FALSE,AMER,High Tech,$10k-$100k,Premier+
"Blick, Schultz and McClure",1268618.06,25.63,86.99,98.07,0.84,0f58dd22-b50a-4cd5-a628-cebd7f5cbba7,0adefa30-96e5-4f26-8d80-ed85392789e4,FALSE,FALSE,AMER,High Tech,$1M+,Premier+
"Harber, Lueilwitz and Funk",1089487.62,-52.12,58.08,68.25,0.69,77302279-f265-4033-b930-8a3f1dec56e8,b8ae0498-d74a-49d6-a9f1-5f94e17d9d72,FALSE,FALSE,APAC,High Tech,$100k-$1M,Premier+
Bednar and Sons,369109.06,94.14,8.26,41.96,0.77,060359e3-93d3-4f9f-98c5-fa204d2c1501,18bcac4f-9715-4154-9441-fab05f7fe42f,FALSE,FALSE,EMEA,High Tech,$1M+,Premier+
"Cartwright, Langworth and West",1371411,-9.86,53.07,75.35,0.84,77302279-f265-4033-b930-8a3f1dec56e8,d576658f-b7ee-4d51-b075-eff9c3de1dea,FALSE,FALSE,AMER,High Tech,$1M+,Premier+
Streich-Gutkowski,918545.41,-21.3,25.14,82.44,0.82,50467c52-8aa7-4599-8ff9-da29f7e8a49d,1883ba7f-5686-4f32-8285-15872c158900,FALSE,TRUE,EMEA,Financial Services,$10k-$100k,Premier+
"Rice, Kuphal and Kautzer",1378968.21,-54.7,3.49,2.87,0.36,6a9c9b9d-12a1-4514-8906-bcaad926c491,2a635c1b-9ace-45eb-bfdb-27a13c467708,FALSE,TRUE,AMER,High Tech,$100k-$1M,Premier+
Gusikowski Group,1168857.64,-4.56,73.83,68.12,0.83,bca1c594-2ae9-4043-8d6e-a719502b40b5,09cf0cc5-90fe-4616-b181-2ab514e4f17a,FALSE,FALSE,AMER,High Tech,$1M+,Premier+
Marvin Group,236944.89,-13.16,3.15,18.25,0.69,685e4cb1-c28f-4faa-a732-497579b32eb3,d0facb25-4230-4fba-a657-5935ccbc800b,FALSE,FALSE,AMER,Construction,$100k-$1M,Premier+
Weimann-Lindgren,535389.76,75.39,75.79,95.57,0.14,36d13d0d-15ae-47e4-a24c-ee186f323738,f0a4693b-95c8-4e58-8b6d-11f3a2a647c0,FALSE,FALSE,AMER,Education,$10k-$100k,Premier+
Moore-Powlowski,941690.58,55.77,40.19,65.21,0.45,685e4cb1-c28f-4faa-a732-497579b32eb3,9bb8eb6b-df4d-4b7a-9ec6-8d7b672865ba,FALSE,FALSE,AMER,High Tech,$100k-$1M,Premier+
"Kub, Haag and Parker",1206815.07,76.84,10.68,9.97,0.38,55fc9406-413f-4dff-aafe-5788922995f6,e0f848f2-a97c-4e49-8420-af1140c7f26b,FALSE,FALSE,AMER,Construction,$1M+,Premier+
Bayer-Rutherford,364918.21,62.41,81.66,35.77,0.11,8c3ec42a-42f8-4ec1-b167-16c3555814f3,21aaccd9-7c25-49b0-9d70-03d72f54ce00,FALSE,FALSE,AMER,Financial Services,$1M+,Premier+
Kautzer-Koss,1021221.27,-99.3,96.63,31.2,0.67,9d71caf2-8532-41d5-92f0-7d8fe8124650,66e2014a-a04e-437e-84ae-f1de61fd96d3,FALSE,FALSE,EMEA,High Tech,$10k-$100k,Premier+
"Jaskolski, Crooks and Jakubowski",410983.66,-10.92,15.91,32.81,0.61,99d34644-c9ad-4931-8ab7-77d3fbc3f20f,529eeec9-cba0-4647-be3b-80471cd24970,FALSE,FALSE,AMER,High Tech,$1M+,Premier+
Deckow-Halvorson,338356.51,24.27,86.15,79.44,0.19,6a9c9b9d-12a1-4514-8906-bcaad926c491,c3f088ac-068b-4344-824f-f4c1b0d4fe8f,FALSE,FALSE,AMER,Financial Services,$100k-$1M,Premier+
"Cormier, Block and Watsica",1334799.76,32.96,69.04,72.49,0.88,060359e3-93d3-4f9f-98c5-fa204d2c1501,d433a83d-7d92-493c-8924-1c8ad0196cb8,FALSE,FALSE,APAC,High Tech,$1M+,Premier+
"Stoltenberg, Fadel and Jerde",612768.14,-69.34,89.03,80.94,0.47,bed17b7b-d710-45fc-9815-d1b9ee79d735,61cebf05-fc40-4d25-aedf-805c050d605a,FALSE,FALSE,EMEA,Financial Services,$100k-$1M,Premier+
Koss-Corwin,806414.31,-90.2,75.2,20.27,0.49,8698f130-ab93-466a-9def-a10d2b115b7a,29b921ea-0ec9-46bf-a387-6baf2c047ee5,FALSE,FALSE,EMEA,High Tech,$10k-$100k,Premier+
Maggio Group,431483.97,-12.89,10.96,41.57,0.5,0604ed68-52e9-4421-a0f2-bf2edded1c31,598d8170-1748-41ec-99e9-c5af2e4c7acd,FALSE,TRUE,EMEA,Financial Services,$100k-$1M,Premier+
"Lang, Hessel and Abernathy",178360.99,-21.22,59.38,26.07,0.86,7efa9e84-9011-4762-9984-d2b5e7de32ff,aedb0f50-2b4e-4261-b1c5-3d63be228817,FALSE,FALSE,APAC,Financial Services,$10k-$100k,Premier+
Blick-Veum,338188.45,93.83,7.86,6.74,0.53,84446bc3-f289-4e3e-9460-6d8770045472,c5ca5a72-7e29-46e5-8c1f-a67b6e30f0d1,FALSE,FALSE,AMER,High Tech,$100k-$1M,Premier+
"Zboncak, Hegmann and Swift",47345.14,-99.2,37.45,74.87,0.23,31285581-0985-4375-955a-c8aa083183e3,f1b0b6e4-9bcf-4174-a9d9-afd65234bbee,FALSE,FALSE,EMEA,High Tech,$100k-$1M,Premier+
Hansen Inc,1004187.23,15.53,67.66,89.59,0.04,4d9fd110-29be-4e2c-b44f-6e357d790472,5609067b-c0f8-4fa3-8e22-d2bdf6f963a7,FALSE,FALSE,EMEA,High Tech,$100k-$1M,Premier+
Fisher Inc,231419.21,56.25,52.99,76.52,0.71,531d5b30-c9aa-46ed-9190-5b57a76000d1,3a1e5763-115f-4143-bdb8-a9be4911507e,FALSE,FALSE,AMER,Financial Services,$100k-$1M,Premier+
Altenwerth-Bartell,133133.31,-7.87,49.32,32.57,0.64,36d13d0d-15ae-47e4-a24c-ee186f323738,7c1a9631-a834-44f8-8c83-9f3bc99c29d8,FALSE,FALSE,EMEA,High Tech,$100k-$1M,Premier+
Sipes-Langosh,204378.79,92.03,59.55,79.32,0.9,4d1c0d0b-0a58-45be-891b-98d9b140eb3e,77841a5a-ed67-47d1-babe-84a7426f2d4b,FALSE,FALSE,AMER,High Tech,$100k-$1M,Premier+
"Schmidt, Krajcik and Gottlieb",752674,17.01,27.71,44.76,0.77,c0413674-8fe0-4006-bc0b-ef40ccb0bb1d,3dc548a4-2448-42de-a8fa-f6193767ae13,FALSE,FALSE,EMEA,Financial Services,$10k-$100k,Premier+
Wilkinson-Lubowitz,733160.05,-32.41,94.32,32.61,0.81,4becb6cd-dc94-4ebf-86ab-fd4c7f10b188,8d463d81-fd77-4f87-93b6-0083951ae7ff,FALSE,TRUE,AMER,Financial Services,$10k-$100k,Premier+
Wiegand Group,883936.76,-66.4,88.88,26.32,0.58,84446bc3-f289-4e3e-9460-6d8770045472,404c04c8-c89f-40c1-a220-17384fffbf07,FALSE,FALSE,AMER,Construction,$100k-$1M,Premier+
Cormier Inc,406323.5,-12.57,17.64,21.74,0.34,bca1c594-2ae9-4043-8d6e-a719502b40b5,a2d0033c-d61a-4914-8e94-22b038a18d6f,FALSE,FALSE,EMEA,High Tech,$10k-$100k,Premier+
"Weber, Russel and Lesch",787473.27,11.58,31.8,11.83,0.85,45f9cb65-5fcc-445c-a59d-2d98f1e1ab72,33c877e4-e291-4d37-af26-f37de5be2904,FALSE,FALSE,APAC,Public Sector,$1k-$10k,Premier+
Jerde and Sons,1486624.34,-51.51,41.41,87.84,0.73,4d1c0d0b-0a58-45be-891b-98d9b140eb3e,ee540bf3-2d07-4d61-9682-c0fcfffadb4f,FALSE,FALSE,EMEA,Financial Services,$10k-$100k,Premier+
Aufderhar LLC,765178,-0.66,13.59,93.17,0.84,9552287d-d048-48d9-a4be-d46f6c6e1450,a8afe081-7046-4e13-a60b-bda74e13c4bb,FALSE,FALSE,AMER,Financial Services,$100k-$1M,Premier+
Bayer LLC,1221827.73,35.02,62.03,3.96,0.93,8aa7eb72-d29b-4e06-8eb6-245b94e1fa6d,a07cd57a-9e3c-41f6-88ad-677d335acafb,FALSE,FALSE,EMEA,Public Sector,$100k-$1M,Premier+
Mohr-Fritsch,910753.22,16.15,85.74,44.27,0.07,06d74387-6eff-4ed0-ac04-bdd627aa2f62,1802aec8-136b-42b3-aa09-7225138e1138,FALSE,FALSE,AMER,High Tech,$100k-$1M,Premier+
"Marquardt, Kub and Bartell",1299531.36,-53.62,53.33,94.97,0.7,3e7298c3-1439-473c-bb12-62b6d411bfdc,2e4f0a51-3e92-41c2-9c12-f991b954ec5e,FALSE,FALSE,EMEA,High Tech,$100k-$1M,Premier+
Connelly-Marks,189540.5,-91.43,36.18,74.62,0.73,7efa9e84-9011-4762-9984-d2b5e7de32ff,366e378a-e3aa-489c-9cb1-bde54b8112b3,FALSE,FALSE,AMER,Financial Services,$100k-$1M,Premier+
Feest Group,108651.66,-92.63,20.88,18.6,0.91,31285581-0985-4375-955a-c8aa083183e3,c570471e-bcd7-4e71-a884-c75de0c50537,FALSE,FALSE,AMER,High Tech,$100k-$1M,Premier+
"Christiansen, Kreiger and Hartmann",1094877.33,42.84,7.57,85.12,0.09,bed17b7b-d710-45fc-9815-d1b9ee79d735,62e5620a-5c7c-4f89-affe-1b98d5295810,FALSE,FALSE,AMER,Financial Services,$100k-$1M,Premier+
Becker-Shields,907193.28,-34.31,28.82,71.95,1,2974450e-31e2-4b47-b00a-f266c6b0af44,9a3ce928-5092-4e63-80ff-0ee17b311f8f,FALSE,FALSE,AMER,High Tech,$10k-$100k,Premier+
Turner-Fisher,802808,-16.47,41.27,26.12,0.66,7efa9e84-9011-4762-9984-d2b5e7de32ff,3d00b182-3233-4765-aaf0-b2e0453b0352,FALSE,FALSE,AMER,High Tech,$100k-$1M,Premier+
Kuhic-Metz,918527.53,-11.49,16.64,5.2,0.99,0604ed68-52e9-4421-a0f2-bf2edded1c31,89e2892b-2bf3-4f69-b5fd-215165b39e93,FALSE,FALSE,EMEA,High Tech,$100k-$1M,Premier+
Blanda Group,238673.85,-5.88,89.72,96.34,0.18,50ceab5c-4675-4694-b578-395c94a3dad6,995a53fe-2d60-4a0b-a300-ff5ba270c274,FALSE,FALSE,AMER,High Tech,$100k-$1M,Premier+
Quigley Inc,1414343.21,-27.17,39.35,27.49,0.88,4d9fd110-29be-4e2c-b44f-6e357d790472,0c9d9fcc-3145-48a6-8c9a-2f7232e47a95,FALSE,FALSE,APAC,High Tech,$10k-$100k,Premier+
Torphy Inc,597620.5,-35.17,23.38,1.54,0.76,533e079e-c2cf-4537-bcbc-d92700df894a,08bb576f-c928-4fc7-a9db-cefb3c6d7f67,FALSE,FALSE,APAC,Financial Services,$100k-$1M,Premier+
Padberg-Lynch,1099619.55,-45.1,35.76,78.21,0.65,36d13d0d-15ae-47e4-a24c-ee186f323738,e0f2bb41-8bf4-4e69-b2f2-423b9a75fcc1,FALSE,FALSE,EMEA,High Tech,$10k-$100k,Premier+
Kohler-Jacobi,215204.61,-89.43,84.79,25.42,0.45,685e4cb1-c28f-4faa-a732-497579b32eb3,12542193-69fe-4b07-a6c9-d07a2d4c2f02,FALSE,FALSE,APAC,High Tech,$10k-$100k,Premier+
"Cole, Weimann and Robel",1494564.82,-44.96,50.73,54.88,0.04,77302279-f265-4033-b930-8a3f1dec56e8,8f7217e4-8109-4b22-9a71-6f58f589ecf9,FALSE,FALSE,EMEA,Financial Services,$100k-$1M,Premier+
Kerluke Group,1464741.09,95.33,98.23,76.44,0.32,533e079e-c2cf-4537-bcbc-d92700df894a,9a68b7d4-6415-4ae1-9471-021792832ca0,TRUE,FALSE,EMEA,Financial Services,$1M+,Premier+
Mayer-Feeney,553478.97,30.42,86.34,19.52,0.78,8698f130-ab93-466a-9def-a10d2b115b7a,a476bcee-58fd-4084-ba38-09db2e3c1c13,FALSE,FALSE,AMER,High Tech,$10k-$100k,Premier+
"Ruecker, Kub and Mitchell",947373.11,84.36,85.55,22.94,0.59,0f58dd22-b50a-4cd5-a628-cebd7f5cbba7,1f02b507-6617-47d1-afdb-c180a9f50a72,FALSE,FALSE,APAC,Financial Services,$10k-$100k,Premier+
"Johns, Heidenreich and Hilll",720020.18,54.89,24.83,59.53,0.34,31285581-0985-4375-955a-c8aa083183e3,80e1656c-9e67-416b-8309-edb0d247c256,FALSE,TRUE,AMER,High Tech,$100k-$1M,Premier+
"Ankunding, Schmeler and Halvorson",506716.35,80.15,28.27,21.85,0.29,0f58dd22-b50a-4cd5-a628-cebd7f5cbba7,fe333888-3263-40ed-b76c-009377084672,FALSE,FALSE,APAC,Construction,$1k-$10k,Premier+
"Weber, Lemke and Heaney",1153601.6,20.24,67.81,90.09,0.92,96177598-22f4-437e-a887-1149a345469d,9331c2e0-4cbd-46de-ba94-9d66abaae5d0,FALSE,FALSE,AMER,High Tech,$1M+,Premier+
Upton-Larson,767324.81,-55.08,11.25,48.63,0.87,45f9cb65-5fcc-445c-a59d-2d98f1e1ab72,7d60be53-dca4-4fb7-b59c-98da42c549a6,FALSE,FALSE,EMEA,Financial Services,$100k-$1M,Premier+
"Fritsch, Grant and Osinski",455145.81,9.96,97.26,84.84,0.95,7efa9e84-9011-4762-9984-d2b5e7de32ff,75731678-decd-424b-bdb1-da2837175c20,FALSE,FALSE,EMEA,Public Sector,$10k-$100k,Premier+
"Schumm, Renner and Bayer",346540.1,36.56,36.99,49.33,0.23,96177598-22f4-437e-a887-1149a345469d,71b19d6a-4e9b-4582-9f70-4bac0e0416fd,FALSE,FALSE,AMER,Public Sector,$100k-$1M,Premier+
Torp LLC,1490624.12,-97.65,58.64,37.5,0.47,0f58dd22-b50a-4cd5-a628-cebd7f5cbba7,b0bd3cd1-bcba-479c-a779-61612906ad7b,FALSE,TRUE,AMER,High Tech,$10k-$100k,Premier+
"Bins, Glover and Larkin",718202.08,-35.61,66.65,71.87,0.19,77302279-f265-4033-b930-8a3f1dec56e8,a664c78b-b6ff-433f-b144-f151eb56ea88,FALSE,FALSE,AMER,Financial Services,$1M+,Premier+
Sporer-Howell,954425.64,-77.84,52.08,18.65,0.95,50467c52-8aa7-4599-8ff9-da29f7e8a49d,4f0744d1-3c5f-4e8c-ba23-4606c4cbb785,FALSE,FALSE,EMEA,Financial Services,$10k-$100k,Premier+
"Bernhard, Anderson and Mohr",617236.09,-17.98,1.33,1.67,0.8,50467c52-8aa7-4599-8ff9-da29f7e8a49d,abde8c0c-17cf-4f23-b601-b8317347ac08,FALSE,FALSE,EMEA,Financial Services,$100k-$1M,Premier+
"Veum, Leffler and Rowe",1117669.92,98.16,91.37,35.43,0.81,685e4cb1-c28f-4faa-a732-497579b32eb3,a7c2e804-dfa5-40b9-b766-2752907ea5a1,FALSE,FALSE,AMER,Education,$10k-$100k,Standard
Cronin LLC,514201.05,31.77,4.08,77.89,0.46,50ceab5c-4675-4694-b578-395c94a3dad6,f7ce6e4a-fabf-4afe-96a0-33a564100be2,FALSE,FALSE,AMER,High Tech,$1k-$10k,Standard
Maggio-Kassulke,296214.71,71.97,61.86,65.52,0.35,4b840e76-ded7-4867-8468-488fb1bcdb37,02d2ebf0-6b66-4079-91da-7f69a2d44099,FALSE,FALSE,APAC,High Tech,$1k-$10k,Standard
"Boyle, Legros and Yundt",1066629.82,21.28,90.81,4.34,0.22,173c4a99-a15c-47c6-a7bf-8feb2818fb0c,43620b8d-c2e9-4c95-9da4-f604c494bb22,FALSE,FALSE,EMEA,High Tech,$1-$1k,Standard
Wyman-Howe,1439756.48,75.6,83.66,24.44,0.85,531d5b30-c9aa-46ed-9190-5b57a76000d1,b49cd737-b6a4-4438-9d29-db164fe7e306,FALSE,FALSE,EMEA,Education,$1k-$10k,Standard
Hermann-O'Kon,1485093.42,35.27,7.97,3.16,0.37,7efa9e84-9011-4762-9984-d2b5e7de32ff,2e626f43-507a-4bd5-b27c-8fff19bec329,FALSE,FALSE,AMER,High Tech,$1k-$10k,Standard
Little Group,154526.89,94.48,2.03,24.38,0.75,6e66a9bb-d61e-4396-aa58-b480001ee3e7,b92c1bd1-7089-4cbd-9c02-692cd449db06,FALSE,FALSE,AMER,Financial Services,$1-$1k,Standard
Dare Group,1282063,37.05,44.09,74.97,0.75,0604ed68-52e9-4421-a0f2-bf2edded1c31,38f7f261-45ea-4ec1-9276-9af7c7a11890,FALSE,FALSE,AMER,Financial Services,$1k-$10k,Standard
"Spencer, Reinger and Reilly",986779.02,92.36,84.31,56.31,0.38,531d5b30-c9aa-46ed-9190-5b57a76000d1,1850fdd1-496d-4235-a4af-cbc8b9493e00,FALSE,FALSE,AMER,Education,$1-$1k,Standard
Harber and Sons,362716.41,-89.22,46.36,18.61,0.38,06d74387-6eff-4ed0-ac04-bdd627aa2f62,f66f6c27-c244-4bbb-b632-66da2d7d6b1c,FALSE,FALSE,EMEA,Education,$1k-$10k,Standard
Zemlak-Moore,1378920.22,29.3,70.73,3.34,0.45,96177598-22f4-437e-a887-1149a345469d,50394372-2f01-40bf-b109-a2344526b08e,FALSE,FALSE,AMER,Financial Services,$1-$1k,Standard
Gerlach and Sons,677962.22,-98.9,34.31,46.99,0.64,99d34644-c9ad-4931-8ab7-77d3fbc3f20f,87e9fb5b-f0ce-4d84-867f-3541592fcb4e,FALSE,FALSE,AMER,Education,$1-$1k,Standard
"Schumm, Marvin and Quitzon",1489340.78,-36.22,91.8,41.36,0.8,50ceab5c-4675-4694-b578-395c94a3dad6,ad02cdb1-9b87-42b1-993a-f75876c19fb1,FALSE,FALSE,AMER,Financial Services,$1k-$10k,Standard
Macejkovic LLC,340689.51,33.61,94.61,54.91,0.78,7ddfdf70-10b4-4026-8705-066cb1c9ea9f,607b8778-38af-4063-bf7a-482c19228de1,FALSE,FALSE,EMEA,High Tech,$1-$1k,Standard
"Crona, Wiza and Sawayn",33660.12,75.29,81.23,56.91,0.72,84446bc3-f289-4e3e-9460-6d8770045472,449aa5c1-699a-4c66-a7e1-6d1e5bdf8a86,FALSE,FALSE,AMER,High Tech,$1-$1k,Standard
Lindgren-McClure,1491239.46,-12.43,52.71,75.87,0.74,1e034158-d133-4386-876e-15c9e3094967,8b6a0229-29bf-493e-aea8-46265b5078b5,FALSE,FALSE,EMEA,High Tech,$1k-$10k,Standard
Champlin and Sons,1429441.52,-45.36,61.49,65.9,0.07,31285581-0985-4375-955a-c8aa083183e3,486b6d18-74dc-4f2a-b267-168d616633a6,TRUE,FALSE,AMER,Financial Services,$1-$1k,Standard
Batz-Reichert,1033545.27,62.44,74.34,94.47,0.09,45f9cb65-5fcc-445c-a59d-2d98f1e1ab72,4f0abd7b-b25d-4c07-8dff-3f55dfd83bb5,FALSE,FALSE,EMEA,High Tech,$1-$1k,Standard
Hodkiewicz LLC,471857.34,25.91,41.5,84.23,0.56,31285581-0985-4375-955a-c8aa083183e3,71326a90-fce4-437d-ae79-da45914ed731,FALSE,FALSE,EMEA,High Tech,$1k-$10k,Standard
"Feeney, Ziemann and Monahan",1238601.46,65.01,58.09,71.13,0.08,4b026491-da38-491e-9603-f5847ffc73e5,ae7f60b8-24f9-4ab8-a565-3eaba2fe38f2,FALSE,FALSE,AMER,Education,$10k-$100k,Standard
Walker-Ullrich,438187.21,19.54,9.16,74.92,0.13,19f9ce82-d969-467a-868d-c28d3df58623,bde149e1-2ac7-4ec7-bc6a-14ba9d83e010,FALSE,FALSE,APAC,Financial Services,$1-$1k,Standard
Johnson and Sons,512823.42,62.9,54.98,73.93,0.77,533e079e-c2cf-4537-bcbc-d92700df894a,c8a4815e-57f3-4fa4-8875-2544c3235b65,FALSE,TRUE,AMER,High Tech,$1k-$10k,Standard
"Funk, Raynor and Hagenes",1028831.18,49.57,22.47,57.06,0.65,c0413674-8fe0-4006-bc0b-ef40ccb0bb1d,ccac212e-4809-481f-a45b-c7df39152228,FALSE,FALSE,APAC,Public Sector,$10k-$100k,Standard
Mills-Runolfsdottir,857734.46,-22.34,19.22,7.28,0.25,1e034158-d133-4386-876e-15c9e3094967,0bd23d6c-adad-4727-b8a2-fd124908ec8f,FALSE,FALSE,AMER,Financial Services,$1k-$10k,Standard
Moen-Bailey,1469695.88,-71.58,96.52,36.22,0.64,06d74387-6eff-4ed0-ac04-bdd627aa2f62,61ca98c0-4972-479d-9abc-2170ad52d452,FALSE,FALSE,EMEA,Education,$1-$1k,Standard
Mertz-Herzog,1135605.97,-82.31,35.88,52.56,0.89,1016e11a-1c7c-4c1b-aa25-fdb801dcd7be,b7400196-e10d-46c7-a177-6f78d78a15af,FALSE,FALSE,EMEA,Public Sector,$1-$1k,Standard
Cole LLC,533808.47,77.23,1.18,41.24,0.55,4b840e76-ded7-4867-8468-488fb1bcdb37,198228b3-a6ee-497c-8544-b6e6b3a0e941,FALSE,FALSE,AMER,High Tech,$1-$1k,Standard
Oberbrunner Group,486434.77,-42.07,7.19,37.79,0.94,06d74387-6eff-4ed0-ac04-bdd627aa2f62,ff56ce49-0ad5-4bd3-bc59-728e24357610,FALSE,FALSE,AMER,High Tech,$1-$1k,Standard
Hoppe LLC,863370.78,0.34,70.59,87.34,0.56,31285581-0985-4375-955a-c8aa083183e3,47ca1122-4a8d-4e15-9c6e-974ea03c8625,FALSE,FALSE,EMEA,High Tech,$1k-$10k,Standard
"Schowalter, Ankunding and Gleason",285351.15,26.1,10.11,21.05,0.65,36d13d0d-15ae-47e4-a24c-ee186f323738,dbab511b-81ad-4c87-9e21-2f00fb683732,FALSE,FALSE,AMER,High Tech,$1-$1k,Standard
"Senger, Sipes and Kuhlman",351225.96,-3.76,39.6,58.35,0.11,8ac2ca17-5bc2-4150-a735-613c1a10bc0e,68daeaca-1ecd-4cdc-9850-199280380ebc,FALSE,FALSE,EMEA,Public Sector,$1-$1k,Standard
"Fadel, Haley and Wisozk",1075523.32,52.51,35.13,36.11,0.94,4b840e76-ded7-4867-8468-488fb1bcdb37,6dbf13f9-d192-4222-b38d-9bdc40f2da45,FALSE,FALSE,AMER,Education,$1k-$10k,Standard
Herman-Cremin,723818.66,-46.28,22.75,68.59,0.59,fdae518c-59dc-4eed-b8fa-e283a6696df9,e301a4a6-c9b2-407b-b6e6-e49172d7d2e3,FALSE,FALSE,EMEA,Construction,$1-$1k,Standard
"D'Amore, Mohr and Brekke",1097761.93,25.66,10.25,19.99,0.89,533e079e-c2cf-4537-bcbc-d92700df894a,eed95441-1659-474b-94a4-7c457f364f35,FALSE,FALSE,AMER,High Tech,$1-$1k,Standard
Jaskolski and Sons,734763.59,15.69,43.43,88.19,0.4,533e079e-c2cf-4537-bcbc-d92700df894a,5b61b854-dc81-46c4-ba6a-f56683edd12b,FALSE,FALSE,EMEA,High Tech,$1-$1k,Standard
Gaylord-Durgan,853364.34,85.3,59.22,12.9,0.3,8a80ce54-f95a-413f-a44a-d16a7852af95,db88107f-4cd8-46aa-86f7-a7357f8d6692,FALSE,FALSE,AMER,High Tech,$1-$1k,Standard
Schaefer-Kozey,1404023.28,5.94,37.95,96.42,0.13,19f9ce82-d969-467a-868d-c28d3df58623,9c366557-4e7c-4ab4-ba18-553c36fadb33,TRUE,FALSE,AMER,High Tech,$1-$1k,Standard
Schaden-West,1276907.7,-93.32,40.95,35.52,0.43,4d9fd110-29be-4e2c-b44f-6e357d790472,79fdca34-7f87-43ea-9ce4-e0d6a9242f7e,FALSE,FALSE,AMER,Financial Services,$1k-$10k,Standard
Jast and Sons,168371.94,-92.22,14.92,3.16,0.92,f3aeb63e-9a44-42d6-a7be-c956f635b66d,e7fb4a78-7a36-4317-90b4-4ab558734469,FALSE,FALSE,EMEA,Education,$10k-$100k,Standard
"Harris, Klocko and Cronin",510782.05,-38.18,1.62,4.83,0.15,96177598-22f4-437e-a887-1149a345469d,7d5afdb2-eb71-4ec0-9a8d-8ac386197f46,FALSE,FALSE,EMEA,Financial Services,$1k-$10k,Standard
O'Connell-Feest,842704.66,93.25,61.27,7.16,0.5,9d71caf2-8532-41d5-92f0-7d8fe8124650,3440079a-3c70-4e6f-af95-6e7fb3e2f5e6,FALSE,FALSE,AMER,Financial Services,$1-$1k,Standard
"Mitchell, Lockman and Schiller",870793.95,34.98,3.06,31,0.57,83f2fe25-3bf3-42ed-994e-a57ac27adf2d,f7ac2356-e8f6-4dc4-be58-b438a88349a8,FALSE,FALSE,AMER,Financial Services,$1k-$10k,Standard
"Denesik, Ryan and Boyle",1075877.51,-48.28,33.44,94.98,0.35,1016e11a-1c7c-4c1b-aa25-fdb801dcd7be,16fa33c5-0ee3-4399-8e99-5a88d2088cae,TRUE,FALSE,EMEA,Financial Services,$1-$1k,Standard